xrun: 25.03-s001: (c) Copyright 1995-2025 Cadence Design Systems, Inc.
TOOL:	xrun	25.03-s001: Started on Aug 16, 2026 at 22:25:01 EDT
xrun
	-Q
	-unbuffered
	-timescale 1ns/1ns
	-sysv
	-coverage all
	-access +rw
	-covoverwrite
	-uvmnocdnsextra
	-uvmhome /xcelium25.03/tools//methodology/UVM/CDNS-1.2/sv
	/xcelium25.03/tools//methodology/UVM/CDNS-1.2/sv/src/uvm_macros.svh
	design.sv
	testbench.sv
package axi_pkg;
              |
xmvlog: *W,TSNSPK (axi_pkg.sv,2|14): `timescale is not specified for the package.  The default timescale of 1ns/1ns will be assumed for this package.
	Top level design units:
		uvm_pkg
		axi_pkg
		$unit_0x4ccdf83b
		tb_top
xmelab: *W,COVDCL: By default expression coverage is scored only for Verilog logical operators (|| and &&) and VHDL logical operators (OR, AND, NOR, and NAND), and is scored only in condition expressions. To score coverage for other operators and for expressions in other statements, use the "set_expr_coverable_operators" and "set_expr_coverable_statements" coverage configuration file commands with suitable options at elaboration.
  int beat_count;
               |
xmelab: *W,COVUTA (./axi_assertions.sv,69|15): Toggle coverage is not supported for SystemVerilog integer, real array, string, dynamic array, sparse memory and reference ports. It is also not supported for VHDL multi-dimensional array and array of record. There may also be other such objects in the design.
xmelab: *W,CGPIDF: Covergroup "per_instance" option , by default, is set as 0.
xmelab: *N,COVCGN: Coverage configuration file command "set_covergroup -new_instance_reporting" can be specified to improve the scoping and naming of covergroup instances. It may be noted that subsequent merging of a coverage database saved with this command and a coverage database saved without this command is not allowed.
Loading snapshot worklib.tb_top:sv .................... Done
SVSEED default: 1
xcelium> source /xcelium25.03/tools/xcelium/files/xmsimrc
xcelium> source /xcelium25.03/tools//methodology/UVM/CDNS-1.2/sv/files/tcl/uvm_sim.tcl
xcelium> run
UVM_INFO /xcelium25.03/tools/methodology/UVM/CDNS-1.2/sv/src/base/uvm_root.svh(412) @ 0: reporter [UVM/RELNOTES] 
----------------------------------------------------------------
CDNS-UVM-1.2 (25.03-s001)
(C) 2007-2014 Mentor Graphics Corporation
(C) 2007-2014 Cadence Design Systems, Inc.
(C) 2006-2014 Synopsys, Inc.
(C) 2011-2013 Cypress Semiconductor Corp.
(C) 2013-2014 NVIDIA Corporation
----------------------------------------------------------------

  ***********       IMPORTANT RELEASE NOTES         ************

  You are using a version of the UVM library that has been compiled
  with `UVM_NO_DEPRECATED undefined.
  See http://www.eda.org/svdb/view.php?id=3313 for more details.

  You are using a version of the UVM library that has been compiled
  with `UVM_OBJECT_DO_NOT_NEED_CONSTRUCTOR undefined.
  See http://www.eda.org/svdb/view.php?id=3770 for more details.

      (Specify +UVM_NO_RELNOTES to turn off this notice)

[0] AXI assertions instantiated
UVM_INFO @ 0: reporter [RNTST] Running test write_read_test...
UVM_INFO slave_driver.sv(41) @ 0: uvm_test_top.env.s_agent.drv [slave_driver] Driver vif=virtual interface axi_if@255_1
UVM_INFO random_interleave_vseq.sv(25) @ 0: uvm_test_top.env.vseqr@@vseq [random_interleave_vseq] Running 103 iterations
----------------------------------------------------------------------------------------
Name                           Type             Size  Value                             
----------------------------------------------------------------------------------------
req                            axi_transaction  -     @3895                             
  begin_time                   time             64    195000                            
  depth                        int              32    'd2                               
  parent sequence (name)       string           4     wseq                              
  parent sequence (full name)  string           34    uvm_test_top.env.m_agent.seqr.wseq
  sequencer                    string           29    uvm_test_top.env.m_agent.seqr     
----------------------------------------------------------------------------------------
UVM_INFO slave_driver.sv(128) @ 215000: uvm_test_top.env.s_agent.drv [slave_driver] SLAVE AW captured: AWLEN=0 AWADDR=00000187
UVM_INFO axi_scoreboard.sv(73) @ 255000: uvm_test_top.env.sb [axi_scoreboard] WRITE stored @0x00000187
UVM_INFO slave_monitor.sv(193) @ 255000: uvm_test_top.env.s_agent.mon [slave_monitor] WRITE Transaction Captured
----------------------------------------------------------------------------------------
Name                           Type             Size  Value                             
----------------------------------------------------------------------------------------
req                            axi_transaction  -     @4021                             
  begin_time                   time             64    255000                            
  depth                        int              32    'd2                               
  parent sequence (name)       string           4     rseq                              
  parent sequence (full name)  string           34    uvm_test_top.env.m_agent.seqr.rseq
  sequencer                    string           29    uvm_test_top.env.m_agent.seqr     
----------------------------------------------------------------------------------------
UVM_INFO axi_scoreboard.sv(111) @ 335000: uvm_test_top.env.sb [axi_scoreboard] READ PASS @0x000001fe
UVM_INFO slave_monitor.sv(296) @ 335000: uvm_test_top.env.s_agent.mon [slave_monitor] READ Transaction Captured
----------------------------------------------------------------------------------------
Name                           Type             Size  Value                             
----------------------------------------------------------------------------------------
req                            axi_transaction  -     @3991                             
  begin_time                   time             64    335000                            
  depth                        int              32    'd2                               
  parent sequence (name)       string           4     wseq                              
  parent sequence (full name)  string           34    uvm_test_top.env.m_agent.seqr.wseq
  sequencer                    string           29    uvm_test_top.env.m_agent.seqr     
----------------------------------------------------------------------------------------
UVM_INFO slave_driver.sv(128) @ 355000: uvm_test_top.env.s_agent.drv [slave_driver] SLAVE AW captured: AWLEN=15 AWADDR=0000000c
UVM_INFO axi_scoreboard.sv(73) @ 795000: uvm_test_top.env.sb [axi_scoreboard] WRITE stored @0x0000000c
UVM_INFO slave_monitor.sv(193) @ 795000: uvm_test_top.env.s_agent.mon [slave_monitor] WRITE Transaction Captured
----------------------------------------------------------------------------------------
Name                           Type             Size  Value                             
----------------------------------------------------------------------------------------
req                            axi_transaction  -     @3885                             
  begin_time                   time             64    795000                            
  depth                        int              32    'd2                               
  parent sequence (name)       string           4     rseq                              
  parent sequence (full name)  string           34    uvm_test_top.env.m_agent.seqr.rseq
  sequencer                    string           29    uvm_test_top.env.m_agent.seqr     
----------------------------------------------------------------------------------------
UVM_INFO axi_scoreboard.sv(111) @ 945000: uvm_test_top.env.sb [axi_scoreboard] READ PASS @0x000001ee
UVM_INFO slave_monitor.sv(296) @ 945000: uvm_test_top.env.s_agent.mon [slave_monitor] READ Transaction Captured
----------------------------------------------------------------------------------------
Name                           Type             Size  Value                             
----------------------------------------------------------------------------------------
req                            axi_transaction  -     @4079                             
  begin_time                   time             64    945000                            
  depth                        int              32    'd2                               
  parent sequence (name)       string           4     wseq                              
  parent sequence (full name)  string           34    uvm_test_top.env.m_agent.seqr.wseq
  sequencer                    string           29    uvm_test_top.env.m_agent.seqr     
----------------------------------------------------------------------------------------
UVM_INFO slave_driver.sv(128) @ 965000: uvm_test_top.env.s_agent.drv [slave_driver] SLAVE AW captured: AWLEN=2 AWADDR=00000325
UVM_INFO axi_scoreboard.sv(73) @ 1035000: uvm_test_top.env.sb [axi_scoreboard] WRITE stored @0x00000325
UVM_INFO slave_monitor.sv(193) @ 1035000: uvm_test_top.env.s_agent.mon [slave_monitor] WRITE Transaction Captured
----------------------------------------------------------------------------------------
Name                           Type             Size  Value                             
----------------------------------------------------------------------------------------
req                            axi_transaction  -     @3978                             
  begin_time                   time             64    1035000                           
  depth                        int              32    'd2                               
  parent sequence (name)       string           4     rseq                              
  parent sequence (full name)  string           34    uvm_test_top.env.m_agent.seqr.rseq
  sequencer                    string           29    uvm_test_top.env.m_agent.seqr     
----------------------------------------------------------------------------------------
UVM_INFO axi_scoreboard.sv(111) @ 1205000: uvm_test_top.env.sb [axi_scoreboard] READ PASS @0x00000107
UVM_INFO slave_monitor.sv(296) @ 1205000: uvm_test_top.env.s_agent.mon [slave_monitor] READ Transaction Captured
----------------------------------------------------------------------------------------
Name                           Type             Size  Value                             
----------------------------------------------------------------------------------------
req                            axi_transaction  -     @4111                             
  begin_time                   time             64    1205000                           
  depth                        int              32    'd2                               
  parent sequence (name)       string           4     wseq                              
  parent sequence (full name)  string           34    uvm_test_top.env.m_agent.seqr.wseq
  sequencer                    string           29    uvm_test_top.env.m_agent.seqr     
----------------------------------------------------------------------------------------
UVM_INFO slave_driver.sv(128) @ 1225000: uvm_test_top.env.s_agent.drv [slave_driver] SLAVE AW captured: AWLEN=5 AWADDR=000001b8
UVM_INFO axi_scoreboard.sv(73) @ 1335000: uvm_test_top.env.sb [axi_scoreboard] WRITE stored @0x000001b8
UVM_INFO slave_monitor.sv(193) @ 1335000: uvm_test_top.env.s_agent.mon [slave_monitor] WRITE Transaction Captured
----------------------------------------------------------------------------------------
Name                           Type             Size  Value                             
----------------------------------------------------------------------------------------
req                            axi_transaction  -     @4050                             
  begin_time                   time             64    1335000                           
  depth                        int              32    'd2                               
  parent sequence (name)       string           4     rseq                              
  parent sequence (full name)  string           34    uvm_test_top.env.m_agent.seqr.rseq
  sequencer                    string           29    uvm_test_top.env.m_agent.seqr     
----------------------------------------------------------------------------------------
UVM_INFO axi_scoreboard.sv(111) @ 1375000: uvm_test_top.env.sb [axi_scoreboard] READ PASS @0x00000334
UVM_INFO slave_monitor.sv(296) @ 1375000: uvm_test_top.env.s_agent.mon [slave_monitor] READ Transaction Captured
----------------------------------------------------------------------------------------
Name                           Type             Size  Value                             
----------------------------------------------------------------------------------------
req                            axi_transaction  -     @4143                             
  begin_time                   time             64    1375000                           
  depth                        int              32    'd2                               
  parent sequence (name)       string           4     wseq                              
  parent sequence (full name)  string           34    uvm_test_top.env.m_agent.seqr.wseq
  sequencer                    string           29    uvm_test_top.env.m_agent.seqr     
----------------------------------------------------------------------------------------
UVM_INFO slave_driver.sv(128) @ 1395000: uvm_test_top.env.s_agent.drv [slave_driver] SLAVE AW captured: AWLEN=14 AWADDR=00000245
UVM_INFO axi_scoreboard.sv(73) @ 1855000: uvm_test_top.env.sb [axi_scoreboard] WRITE stored @0x00000245
UVM_INFO slave_monitor.sv(193) @ 1855000: uvm_test_top.env.s_agent.mon [slave_monitor] WRITE Transaction Captured
----------------------------------------------------------------------------------------
Name                           Type             Size  Value                             
----------------------------------------------------------------------------------------
req                            axi_transaction  -     @4071                             
  begin_time                   time             64    1855000                           
  depth                        int              32    'd2                               
  parent sequence (name)       string           4     rseq                              
  parent sequence (full name)  string           34    uvm_test_top.env.m_agent.seqr.rseq
  sequencer                    string           29    uvm_test_top.env.m_agent.seqr     
----------------------------------------------------------------------------------------
UVM_INFO axi_scoreboard.sv(111) @ 1965000: uvm_test_top.env.sb [axi_scoreboard] READ PASS @0x00000148
UVM_INFO slave_monitor.sv(296) @ 1965000: uvm_test_top.env.s_agent.mon [slave_monitor] READ Transaction Captured
----------------------------------------------------------------------------------------
Name                           Type             Size  Value                             
----------------------------------------------------------------------------------------
req                            axi_transaction  -     @4175                             
  begin_time                   time             64    1965000                           
  depth                        int              32    'd2                               
  parent sequence (name)       string           4     wseq                              
  parent sequence (full name)  string           34    uvm_test_top.env.m_agent.seqr.wseq
  sequencer                    string           29    uvm_test_top.env.m_agent.seqr     
----------------------------------------------------------------------------------------
UVM_INFO slave_driver.sv(128) @ 1985000: uvm_test_top.env.s_agent.drv [slave_driver] SLAVE AW captured: AWLEN=0 AWADDR=000003f4
UVM_INFO axi_scoreboard.sv(73) @ 2045000: uvm_test_top.env.sb [axi_scoreboard] WRITE stored @0x000003f4
UVM_INFO slave_monitor.sv(193) @ 2045000: uvm_test_top.env.s_agent.mon [slave_monitor] WRITE Transaction Captured
----------------------------------------------------------------------------------------
Name                           Type             Size  Value                             
----------------------------------------------------------------------------------------
req                            axi_transaction  -     @4103                             
  begin_time                   time             64    2045000                           
  depth                        int              32    'd2                               
  parent sequence (name)       string           4     rseq                              
  parent sequence (full name)  string           34    uvm_test_top.env.m_agent.seqr.rseq
  sequencer                    string           29    uvm_test_top.env.m_agent.seqr     
----------------------------------------------------------------------------------------
UVM_INFO axi_scoreboard.sv(111) @ 2195000: uvm_test_top.env.sb [axi_scoreboard] READ PASS @0x00000300
UVM_INFO slave_monitor.sv(296) @ 2195000: uvm_test_top.env.s_agent.mon [slave_monitor] READ Transaction Captured
----------------------------------------------------------------------------------------
Name                           Type             Size  Value                             
----------------------------------------------------------------------------------------
req                            axi_transaction  -     @4207                             
  begin_time                   time             64    2195000                           
  depth                        int              32    'd2                               
  parent sequence (name)       string           4     wseq                              
  parent sequence (full name)  string           34    uvm_test_top.env.m_agent.seqr.wseq
  sequencer                    string           29    uvm_test_top.env.m_agent.seqr     
----------------------------------------------------------------------------------------
UVM_INFO slave_driver.sv(128) @ 2215000: uvm_test_top.env.s_agent.drv [slave_driver] SLAVE AW captured: AWLEN=9 AWADDR=0000014a
UVM_INFO axi_scoreboard.sv(73) @ 2475000: uvm_test_top.env.sb [axi_scoreboard] WRITE stored @0x0000014a
UVM_INFO slave_monitor.sv(193) @ 2475000: uvm_test_top.env.s_agent.mon [slave_monitor] WRITE Transaction Captured
----------------------------------------------------------------------------------------
Name                           Type             Size  Value                             
----------------------------------------------------------------------------------------
req                            axi_transaction  -     @4135                             
  begin_time                   time             64    2475000                           
  depth                        int              32    'd2                               
  parent sequence (name)       string           4     rseq                              
  parent sequence (full name)  string           34    uvm_test_top.env.m_agent.seqr.rseq
  sequencer                    string           29    uvm_test_top.env.m_agent.seqr     
----------------------------------------------------------------------------------------
UVM_INFO axi_scoreboard.sv(111) @ 2595000: uvm_test_top.env.sb [axi_scoreboard] READ PASS @0x00000354
UVM_INFO slave_monitor.sv(296) @ 2595000: uvm_test_top.env.s_agent.mon [slave_monitor] READ Transaction Captured
----------------------------------------------------------------------------------------
Name                           Type             Size  Value                             
----------------------------------------------------------------------------------------
req                            axi_transaction  -     @4239                             
  begin_time                   time             64    2595000                           
  depth                        int              32    'd2                               
  parent sequence (name)       string           4     wseq                              
  parent sequence (full name)  string           34    uvm_test_top.env.m_agent.seqr.wseq
  sequencer                    string           29    uvm_test_top.env.m_agent.seqr     
----------------------------------------------------------------------------------------
UVM_INFO slave_driver.sv(128) @ 2615000: uvm_test_top.env.s_agent.drv [slave_driver] SLAVE AW captured: AWLEN=5 AWADDR=0000038a
UVM_INFO axi_scoreboard.sv(73) @ 2735000: uvm_test_top.env.sb [axi_scoreboard] WRITE stored @0x0000038a
UVM_INFO slave_monitor.sv(193) @ 2735000: uvm_test_top.env.s_agent.mon [slave_monitor] WRITE Transaction Captured
----------------------------------------------------------------------------------------
Name                           Type             Size  Value                             
----------------------------------------------------------------------------------------
req                            axi_transaction  -     @4167                             
  begin_time                   time             64    2735000                           
  depth                        int              32    'd2                               
  parent sequence (name)       string           4     rseq                              
  parent sequence (full name)  string           34    uvm_test_top.env.m_agent.seqr.rseq
  sequencer                    string           29    uvm_test_top.env.m_agent.seqr     
----------------------------------------------------------------------------------------
UVM_INFO axi_scoreboard.sv(111) @ 2775000: uvm_test_top.env.sb [axi_scoreboard] READ PASS @0x00000350
UVM_INFO slave_monitor.sv(296) @ 2775000: uvm_test_top.env.s_agent.mon [slave_monitor] READ Transaction Captured
----------------------------------------------------------------------------------------
Name                           Type             Size  Value                             
----------------------------------------------------------------------------------------
req                            axi_transaction  -     @4271                             
  begin_time                   time             64    2775000                           
  depth                        int              32    'd2                               
  parent sequence (name)       string           4     wseq                              
  parent sequence (full name)  string           34    uvm_test_top.env.m_agent.seqr.wseq
  sequencer                    string           29    uvm_test_top.env.m_agent.seqr     
----------------------------------------------------------------------------------------
UVM_INFO slave_driver.sv(128) @ 2795000: uvm_test_top.env.s_agent.drv [slave_driver] SLAVE AW captured: AWLEN=4 AWADDR=000002a0
UVM_INFO axi_scoreboard.sv(73) @ 2965000: uvm_test_top.env.sb [axi_scoreboard] WRITE stored @0x000002a0
UVM_INFO slave_monitor.sv(193) @ 2965000: uvm_test_top.env.s_agent.mon [slave_monitor] WRITE Transaction Captured
----------------------------------------------------------------------------------------
Name                           Type             Size  Value                             
----------------------------------------------------------------------------------------
req                            axi_transaction  -     @4199                             
  begin_time                   time             64    2965000                           
  depth                        int              32    'd2                               
  parent sequence (name)       string           4     rseq                              
  parent sequence (full name)  string           34    uvm_test_top.env.m_agent.seqr.rseq
  sequencer                    string           29    uvm_test_top.env.m_agent.seqr     
----------------------------------------------------------------------------------------
UVM_INFO axi_scoreboard.sv(111) @ 2995000: uvm_test_top.env.sb [axi_scoreboard] READ PASS @0x00000058
UVM_INFO slave_monitor.sv(296) @ 2995000: uvm_test_top.env.s_agent.mon [slave_monitor] READ Transaction Captured
----------------------------------------------------------------------------------------
Name                           Type             Size  Value                             
----------------------------------------------------------------------------------------
req                            axi_transaction  -     @4303                             
  begin_time                   time             64    2995000                           
  depth                        int              32    'd2                               
  parent sequence (name)       string           4     wseq                              
  parent sequence (full name)  string           34    uvm_test_top.env.m_agent.seqr.wseq
  sequencer                    string           29    uvm_test_top.env.m_agent.seqr     
----------------------------------------------------------------------------------------
UVM_INFO slave_driver.sv(128) @ 3015000: uvm_test_top.env.s_agent.drv [slave_driver] SLAVE AW captured: AWLEN=12 AWADDR=00000360
UVM_INFO axi_scoreboard.sv(73) @ 3365000: uvm_test_top.env.sb [axi_scoreboard] WRITE stored @0x00000360
UVM_INFO slave_monitor.sv(193) @ 3365000: uvm_test_top.env.s_agent.mon [slave_monitor] WRITE Transaction Captured
----------------------------------------------------------------------------------------
Name                           Type             Size  Value                             
----------------------------------------------------------------------------------------
req                            axi_transaction  -     @4231                             
  begin_time                   time             64    3365000                           
  depth                        int              32    'd2                               
  parent sequence (name)       string           4     rseq                              
  parent sequence (full name)  string           34    uvm_test_top.env.m_agent.seqr.rseq
  sequencer                    string           29    uvm_test_top.env.m_agent.seqr     
----------------------------------------------------------------------------------------
UVM_INFO axi_scoreboard.sv(111) @ 3505000: uvm_test_top.env.sb [axi_scoreboard] READ PASS @0x000001a0
UVM_INFO slave_monitor.sv(296) @ 3505000: uvm_test_top.env.s_agent.mon [slave_monitor] READ Transaction Captured
----------------------------------------------------------------------------------------
Name                           Type             Size  Value                             
----------------------------------------------------------------------------------------
req                            axi_transaction  -     @4335                             
  begin_time                   time             64    3505000                           
  depth                        int              32    'd2                               
  parent sequence (name)       string           4     wseq                              
  parent sequence (full name)  string           34    uvm_test_top.env.m_agent.seqr.wseq
  sequencer                    string           29    uvm_test_top.env.m_agent.seqr     
----------------------------------------------------------------------------------------
UVM_INFO slave_driver.sv(128) @ 3525000: uvm_test_top.env.s_agent.drv [slave_driver] SLAVE AW captured: AWLEN=11 AWADDR=00000398
UVM_INFO axi_scoreboard.sv(73) @ 3905000: uvm_test_top.env.sb [axi_scoreboard] WRITE stored @0x00000398
UVM_INFO slave_monitor.sv(193) @ 3905000: uvm_test_top.env.s_agent.mon [slave_monitor] WRITE Transaction Captured
----------------------------------------------------------------------------------------
Name                           Type             Size  Value                             
----------------------------------------------------------------------------------------
req                            axi_transaction  -     @4263                             
  begin_time                   time             64    3905000                           
  depth                        int              32    'd2                               
  parent sequence (name)       string           4     rseq                              
  parent sequence (full name)  string           34    uvm_test_top.env.m_agent.seqr.rseq
  sequencer                    string           29    uvm_test_top.env.m_agent.seqr     
----------------------------------------------------------------------------------------
UVM_INFO axi_scoreboard.sv(111) @ 4005000: uvm_test_top.env.sb [axi_scoreboard] READ PASS @0x00000256
UVM_INFO slave_monitor.sv(296) @ 4005000: uvm_test_top.env.s_agent.mon [slave_monitor] READ Transaction Captured
----------------------------------------------------------------------------------------
Name                           Type             Size  Value                             
----------------------------------------------------------------------------------------
req                            axi_transaction  -     @4367                             
  begin_time                   time             64    4005000                           
  depth                        int              32    'd2                               
  parent sequence (name)       string           4     wseq                              
  parent sequence (full name)  string           34    uvm_test_top.env.m_agent.seqr.wseq
  sequencer                    string           29    uvm_test_top.env.m_agent.seqr     
----------------------------------------------------------------------------------------
UVM_INFO slave_driver.sv(128) @ 4025000: uvm_test_top.env.s_agent.drv [slave_driver] SLAVE AW captured: AWLEN=6 AWADDR=000003f4
UVM_INFO axi_scoreboard.sv(73) @ 4245000: uvm_test_top.env.sb [axi_scoreboard] WRITE stored @0x000003f4
UVM_INFO slave_monitor.sv(193) @ 4245000: uvm_test_top.env.s_agent.mon [slave_monitor] WRITE Transaction Captured
----------------------------------------------------------------------------------------
Name                           Type             Size  Value                             
----------------------------------------------------------------------------------------
req                            axi_transaction  -     @4295                             
  begin_time                   time             64    4245000                           
  depth                        int              32    'd2                               
  parent sequence (name)       string           4     rseq                              
  parent sequence (full name)  string           34    uvm_test_top.env.m_agent.seqr.rseq
  sequencer                    string           29    uvm_test_top.env.m_agent.seqr     
----------------------------------------------------------------------------------------
UVM_INFO axi_scoreboard.sv(111) @ 4365000: uvm_test_top.env.sb [axi_scoreboard] READ PASS @0x000003ae
UVM_INFO slave_monitor.sv(296) @ 4365000: uvm_test_top.env.s_agent.mon [slave_monitor] READ Transaction Captured
----------------------------------------------------------------------------------------
Name                           Type             Size  Value                             
----------------------------------------------------------------------------------------
req                            axi_transaction  -     @4399                             
  begin_time                   time             64    4365000                           
  depth                        int              32    'd2                               
  parent sequence (name)       string           4     wseq                              
  parent sequence (full name)  string           34    uvm_test_top.env.m_agent.seqr.wseq
  sequencer                    string           29    uvm_test_top.env.m_agent.seqr     
----------------------------------------------------------------------------------------
UVM_INFO slave_driver.sv(128) @ 4385000: uvm_test_top.env.s_agent.drv [slave_driver] SLAVE AW captured: AWLEN=11 AWADDR=00000268
UVM_INFO axi_scoreboard.sv(73) @ 4765000: uvm_test_top.env.sb [axi_scoreboard] WRITE stored @0x00000268
UVM_INFO slave_monitor.sv(193) @ 4765000: uvm_test_top.env.s_agent.mon [slave_monitor] WRITE Transaction Captured
----------------------------------------------------------------------------------------
Name                           Type             Size  Value                             
----------------------------------------------------------------------------------------
req                            axi_transaction  -     @4327                             
  begin_time                   time             64    4765000                           
  depth                        int              32    'd2                               
  parent sequence (name)       string           4     rseq                              
  parent sequence (full name)  string           34    uvm_test_top.env.m_agent.seqr.rseq
  sequencer                    string           29    uvm_test_top.env.m_agent.seqr     
----------------------------------------------------------------------------------------
UVM_INFO axi_scoreboard.sv(111) @ 4865000: uvm_test_top.env.sb [axi_scoreboard] READ PASS @0x000003af
UVM_INFO slave_monitor.sv(296) @ 4865000: uvm_test_top.env.s_agent.mon [slave_monitor] READ Transaction Captured
----------------------------------------------------------------------------------------
Name                           Type             Size  Value                             
----------------------------------------------------------------------------------------
req                            axi_transaction  -     @4431                             
  begin_time                   time             64    4865000                           
  depth                        int              32    'd2                               
  parent sequence (name)       string           4     wseq                              
  parent sequence (full name)  string           34    uvm_test_top.env.m_agent.seqr.wseq
  sequencer                    string           29    uvm_test_top.env.m_agent.seqr     
----------------------------------------------------------------------------------------
UVM_INFO slave_driver.sv(128) @ 4885000: uvm_test_top.env.s_agent.drv [slave_driver] SLAVE AW captured: AWLEN=15 AWADDR=00000254
UVM_INFO axi_scoreboard.sv(73) @ 5275000: uvm_test_top.env.sb [axi_scoreboard] WRITE stored @0x00000254
UVM_INFO slave_monitor.sv(193) @ 5275000: uvm_test_top.env.s_agent.mon [slave_monitor] WRITE Transaction Captured
----------------------------------------------------------------------------------------
Name                           Type             Size  Value                             
----------------------------------------------------------------------------------------
req                            axi_transaction  -     @4359                             
  begin_time                   time             64    5275000                           
  depth                        int              32    'd2                               
  parent sequence (name)       string           4     rseq                              
  parent sequence (full name)  string           34    uvm_test_top.env.m_agent.seqr.rseq
  sequencer                    string           29    uvm_test_top.env.m_agent.seqr     
----------------------------------------------------------------------------------------
UVM_INFO axi_scoreboard.sv(111) @ 5425000: uvm_test_top.env.sb [axi_scoreboard] READ PASS @0x000001dc
UVM_INFO slave_monitor.sv(296) @ 5425000: uvm_test_top.env.s_agent.mon [slave_monitor] READ Transaction Captured
----------------------------------------------------------------------------------------
Name                           Type             Size  Value                             
----------------------------------------------------------------------------------------
req                            axi_transaction  -     @4463                             
  begin_time                   time             64    5425000                           
  depth                        int              32    'd2                               
  parent sequence (name)       string           4     wseq                              
  parent sequence (full name)  string           34    uvm_test_top.env.m_agent.seqr.wseq
  sequencer                    string           29    uvm_test_top.env.m_agent.seqr     
----------------------------------------------------------------------------------------
UVM_INFO slave_driver.sv(128) @ 5445000: uvm_test_top.env.s_agent.drv [slave_driver] SLAVE AW captured: AWLEN=0 AWADDR=00000386
UVM_INFO axi_scoreboard.sv(73) @ 5475000: uvm_test_top.env.sb [axi_scoreboard] WRITE stored @0x00000386
UVM_INFO slave_monitor.sv(193) @ 5475000: uvm_test_top.env.s_agent.mon [slave_monitor] WRITE Transaction Captured
----------------------------------------------------------------------------------------
Name                           Type             Size  Value                             
----------------------------------------------------------------------------------------
req                            axi_transaction  -     @4391                             
  begin_time                   time             64    5475000                           
  depth                        int              32    'd2                               
  parent sequence (name)       string           4     rseq                              
  parent sequence (full name)  string           34    uvm_test_top.env.m_agent.seqr.rseq
  sequencer                    string           29    uvm_test_top.env.m_agent.seqr     
----------------------------------------------------------------------------------------
UVM_INFO axi_scoreboard.sv(111) @ 5505000: uvm_test_top.env.sb [axi_scoreboard] READ PASS @0x000002f8
UVM_INFO slave_monitor.sv(296) @ 5505000: uvm_test_top.env.s_agent.mon [slave_monitor] READ Transaction Captured
----------------------------------------------------------------------------------------
Name                           Type             Size  Value                             
----------------------------------------------------------------------------------------
req                            axi_transaction  -     @4495                             
  begin_time                   time             64    5505000                           
  depth                        int              32    'd2                               
  parent sequence (name)       string           4     wseq                              
  parent sequence (full name)  string           34    uvm_test_top.env.m_agent.seqr.wseq
  sequencer                    string           29    uvm_test_top.env.m_agent.seqr     
----------------------------------------------------------------------------------------
UVM_INFO slave_driver.sv(128) @ 5525000: uvm_test_top.env.s_agent.drv [slave_driver] SLAVE AW captured: AWLEN=11 AWADDR=00000224
UVM_INFO axi_scoreboard.sv(73) @ 5855000: uvm_test_top.env.sb [axi_scoreboard] WRITE stored @0x00000224
UVM_INFO slave_monitor.sv(193) @ 5855000: uvm_test_top.env.s_agent.mon [slave_monitor] WRITE Transaction Captured
----------------------------------------------------------------------------------------
Name                           Type             Size  Value                             
----------------------------------------------------------------------------------------
req                            axi_transaction  -     @4423                             
  begin_time                   time             64    5855000                           
  depth                        int              32    'd2                               
  parent sequence (name)       string           4     rseq                              
  parent sequence (full name)  string           34    uvm_test_top.env.m_agent.seqr.rseq
  sequencer                    string           29    uvm_test_top.env.m_agent.seqr     
----------------------------------------------------------------------------------------
UVM_INFO axi_scoreboard.sv(111) @ 5985000: uvm_test_top.env.sb [axi_scoreboard] READ PASS @0x00000370
UVM_INFO slave_monitor.sv(296) @ 5985000: uvm_test_top.env.s_agent.mon [slave_monitor] READ Transaction Captured
----------------------------------------------------------------------------------------
Name                           Type             Size  Value                             
----------------------------------------------------------------------------------------
req                            axi_transaction  -     @4527                             
  begin_time                   time             64    5985000                           
  depth                        int              32    'd2                               
  parent sequence (name)       string           4     wseq                              
  parent sequence (full name)  string           34    uvm_test_top.env.m_agent.seqr.wseq
  sequencer                    string           29    uvm_test_top.env.m_agent.seqr     
----------------------------------------------------------------------------------------
UVM_INFO slave_driver.sv(128) @ 6005000: uvm_test_top.env.s_agent.drv [slave_driver] SLAVE AW captured: AWLEN=3 AWADDR=00000039
UVM_INFO axi_scoreboard.sv(73) @ 6135000: uvm_test_top.env.sb [axi_scoreboard] WRITE stored @0x00000039
UVM_INFO slave_monitor.sv(193) @ 6135000: uvm_test_top.env.s_agent.mon [slave_monitor] WRITE Transaction Captured
----------------------------------------------------------------------------------------
Name                           Type             Size  Value                             
----------------------------------------------------------------------------------------
req                            axi_transaction  -     @4455                             
  begin_time                   time             64    6135000                           
  depth                        int              32    'd2                               
  parent sequence (name)       string           4     rseq                              
  parent sequence (full name)  string           34    uvm_test_top.env.m_agent.seqr.rseq
  sequencer                    string           29    uvm_test_top.env.m_agent.seqr     
----------------------------------------------------------------------------------------
UVM_INFO axi_scoreboard.sv(111) @ 6315000: uvm_test_top.env.sb [axi_scoreboard] READ PASS @0x0000021b
UVM_INFO slave_monitor.sv(296) @ 6315000: uvm_test_top.env.s_agent.mon [slave_monitor] READ Transaction Captured
----------------------------------------------------------------------------------------
Name                           Type             Size  Value                             
----------------------------------------------------------------------------------------
req                            axi_transaction  -     @4559                             
  begin_time                   time             64    6315000                           
  depth                        int              32    'd2                               
  parent sequence (name)       string           4     wseq                              
  parent sequence (full name)  string           34    uvm_test_top.env.m_agent.seqr.wseq
  sequencer                    string           29    uvm_test_top.env.m_agent.seqr     
----------------------------------------------------------------------------------------
UVM_INFO slave_driver.sv(128) @ 6335000: uvm_test_top.env.s_agent.drv [slave_driver] SLAVE AW captured: AWLEN=9 AWADDR=000003d4
UVM_INFO axi_scoreboard.sv(73) @ 6635000: uvm_test_top.env.sb [axi_scoreboard] WRITE stored @0x000003d4
UVM_INFO slave_monitor.sv(193) @ 6635000: uvm_test_top.env.s_agent.mon [slave_monitor] WRITE Transaction Captured
----------------------------------------------------------------------------------------
Name                           Type             Size  Value                             
----------------------------------------------------------------------------------------
req                            axi_transaction  -     @4487                             
  begin_time                   time             64    6635000                           
  depth                        int              32    'd2                               
  parent sequence (name)       string           4     rseq                              
  parent sequence (full name)  string           34    uvm_test_top.env.m_agent.seqr.rseq
  sequencer                    string           29    uvm_test_top.env.m_agent.seqr     
----------------------------------------------------------------------------------------
UVM_INFO axi_scoreboard.sv(111) @ 6725000: uvm_test_top.env.sb [axi_scoreboard] READ PASS @0x00000330
UVM_INFO slave_monitor.sv(296) @ 6725000: uvm_test_top.env.s_agent.mon [slave_monitor] READ Transaction Captured
----------------------------------------------------------------------------------------
Name                           Type             Size  Value                             
----------------------------------------------------------------------------------------
req                            axi_transaction  -     @4591                             
  begin_time                   time             64    6725000                           
  depth                        int              32    'd2                               
  parent sequence (name)       string           4     wseq                              
  parent sequence (full name)  string           34    uvm_test_top.env.m_agent.seqr.wseq
  sequencer                    string           29    uvm_test_top.env.m_agent.seqr     
----------------------------------------------------------------------------------------
UVM_INFO slave_driver.sv(128) @ 6745000: uvm_test_top.env.s_agent.drv [slave_driver] SLAVE AW captured: AWLEN=0 AWADDR=00000350
UVM_INFO axi_scoreboard.sv(73) @ 6785000: uvm_test_top.env.sb [axi_scoreboard] WRITE stored @0x00000350
UVM_INFO slave_monitor.sv(193) @ 6785000: uvm_test_top.env.s_agent.mon [slave_monitor] WRITE Transaction Captured
----------------------------------------------------------------------------------------
Name                           Type             Size  Value                             
----------------------------------------------------------------------------------------
req                            axi_transaction  -     @4519                             
  begin_time                   time             64    6785000                           
  depth                        int              32    'd2                               
  parent sequence (name)       string           4     rseq                              
  parent sequence (full name)  string           34    uvm_test_top.env.m_agent.seqr.rseq
  sequencer                    string           29    uvm_test_top.env.m_agent.seqr     
----------------------------------------------------------------------------------------
UVM_INFO axi_scoreboard.sv(111) @ 6945000: uvm_test_top.env.sb [axi_scoreboard] READ PASS @0x00000260
UVM_INFO slave_monitor.sv(296) @ 6945000: uvm_test_top.env.s_agent.mon [slave_monitor] READ Transaction Captured
----------------------------------------------------------------------------------------
Name                           Type             Size  Value                             
----------------------------------------------------------------------------------------
req                            axi_transaction  -     @4623                             
  begin_time                   time             64    6945000                           
  depth                        int              32    'd2                               
  parent sequence (name)       string           4     wseq                              
  parent sequence (full name)  string           34    uvm_test_top.env.m_agent.seqr.wseq
  sequencer                    string           29    uvm_test_top.env.m_agent.seqr     
----------------------------------------------------------------------------------------
UVM_INFO slave_driver.sv(128) @ 6965000: uvm_test_top.env.s_agent.drv [slave_driver] SLAVE AW captured: AWLEN=1 AWADDR=0000019c
UVM_INFO axi_scoreboard.sv(73) @ 7025000: uvm_test_top.env.sb [axi_scoreboard] WRITE stored @0x0000019c
UVM_INFO slave_monitor.sv(193) @ 7025000: uvm_test_top.env.s_agent.mon [slave_monitor] WRITE Transaction Captured
----------------------------------------------------------------------------------------
Name                           Type             Size  Value                             
----------------------------------------------------------------------------------------
req                            axi_transaction  -     @4551                             
  begin_time                   time             64    7025000                           
  depth                        int              32    'd2                               
  parent sequence (name)       string           4     rseq                              
  parent sequence (full name)  string           34    uvm_test_top.env.m_agent.seqr.rseq
  sequencer                    string           29    uvm_test_top.env.m_agent.seqr     
----------------------------------------------------------------------------------------
UVM_INFO axi_scoreboard.sv(111) @ 7185000: uvm_test_top.env.sb [axi_scoreboard] READ PASS @0x000002c0
UVM_INFO slave_monitor.sv(296) @ 7185000: uvm_test_top.env.s_agent.mon [slave_monitor] READ Transaction Captured
----------------------------------------------------------------------------------------
Name                           Type             Size  Value                             
----------------------------------------------------------------------------------------
req                            axi_transaction  -     @4655                             
  begin_time                   time             64    7185000                           
  depth                        int              32    'd2                               
  parent sequence (name)       string           4     wseq                              
  parent sequence (full name)  string           34    uvm_test_top.env.m_agent.seqr.wseq
  sequencer                    string           29    uvm_test_top.env.m_agent.seqr     
----------------------------------------------------------------------------------------
UVM_INFO slave_driver.sv(128) @ 7205000: uvm_test_top.env.s_agent.drv [slave_driver] SLAVE AW captured: AWLEN=14 AWADDR=00000328
UVM_INFO axi_scoreboard.sv(73) @ 7595000: uvm_test_top.env.sb [axi_scoreboard] WRITE stored @0x00000328
UVM_INFO slave_monitor.sv(193) @ 7595000: uvm_test_top.env.s_agent.mon [slave_monitor] WRITE Transaction Captured
----------------------------------------------------------------------------------------
Name                           Type             Size  Value                             
----------------------------------------------------------------------------------------
req                            axi_transaction  -     @4583                             
  begin_time                   time             64    7595000                           
  depth                        int              32    'd2                               
  parent sequence (name)       string           4     rseq                              
  parent sequence (full name)  string           34    uvm_test_top.env.m_agent.seqr.rseq
  sequencer                    string           29    uvm_test_top.env.m_agent.seqr     
----------------------------------------------------------------------------------------
UVM_INFO axi_scoreboard.sv(111) @ 7725000: uvm_test_top.env.sb [axi_scoreboard] READ PASS @0x000002ec
UVM_INFO slave_monitor.sv(296) @ 7725000: uvm_test_top.env.s_agent.mon [slave_monitor] READ Transaction Captured
----------------------------------------------------------------------------------------
Name                           Type             Size  Value                             
----------------------------------------------------------------------------------------
req                            axi_transaction  -     @4687                             
  begin_time                   time             64    7725000                           
  depth                        int              32    'd2                               
  parent sequence (name)       string           4     wseq                              
  parent sequence (full name)  string           34    uvm_test_top.env.m_agent.seqr.wseq
  sequencer                    string           29    uvm_test_top.env.m_agent.seqr     
----------------------------------------------------------------------------------------
UVM_INFO slave_driver.sv(128) @ 7745000: uvm_test_top.env.s_agent.drv [slave_driver] SLAVE AW captured: AWLEN=15 AWADDR=00000044
UVM_INFO axi_scoreboard.sv(73) @ 8145000: uvm_test_top.env.sb [axi_scoreboard] WRITE stored @0x00000044
UVM_INFO slave_monitor.sv(193) @ 8145000: uvm_test_top.env.s_agent.mon [slave_monitor] WRITE Transaction Captured
----------------------------------------------------------------------------------------
Name                           Type             Size  Value                             
----------------------------------------------------------------------------------------
req                            axi_transaction  -     @4615                             
  begin_time                   time             64    8145000                           
  depth                        int              32    'd2                               
  parent sequence (name)       string           4     rseq                              
  parent sequence (full name)  string           34    uvm_test_top.env.m_agent.seqr.rseq
  sequencer                    string           29    uvm_test_top.env.m_agent.seqr     
----------------------------------------------------------------------------------------
UVM_INFO axi_scoreboard.sv(111) @ 8215000: uvm_test_top.env.sb [axi_scoreboard] READ PASS @0x00000048
UVM_INFO slave_monitor.sv(296) @ 8215000: uvm_test_top.env.s_agent.mon [slave_monitor] READ Transaction Captured
----------------------------------------------------------------------------------------
Name                           Type             Size  Value                             
----------------------------------------------------------------------------------------
req                            axi_transaction  -     @4719                             
  begin_time                   time             64    8215000                           
  depth                        int              32    'd2                               
  parent sequence (name)       string           4     wseq                              
  parent sequence (full name)  string           34    uvm_test_top.env.m_agent.seqr.wseq
  sequencer                    string           29    uvm_test_top.env.m_agent.seqr     
----------------------------------------------------------------------------------------
UVM_INFO slave_driver.sv(128) @ 8235000: uvm_test_top.env.s_agent.drv [slave_driver] SLAVE AW captured: AWLEN=0 AWADDR=000003d8
UVM_INFO axi_scoreboard.sv(73) @ 8275000: uvm_test_top.env.sb [axi_scoreboard] WRITE stored @0x000003d8
UVM_INFO slave_monitor.sv(193) @ 8275000: uvm_test_top.env.s_agent.mon [slave_monitor] WRITE Transaction Captured
----------------------------------------------------------------------------------------
Name                           Type             Size  Value                             
----------------------------------------------------------------------------------------
req                            axi_transaction  -     @4647                             
  begin_time                   time             64    8275000                           
  depth                        int              32    'd2                               
  parent sequence (name)       string           4     rseq                              
  parent sequence (full name)  string           34    uvm_test_top.env.m_agent.seqr.rseq
  sequencer                    string           29    uvm_test_top.env.m_agent.seqr     
----------------------------------------------------------------------------------------
UVM_INFO axi_scoreboard.sv(111) @ 8375000: uvm_test_top.env.sb [axi_scoreboard] READ PASS @0x00000228
UVM_INFO slave_monitor.sv(296) @ 8375000: uvm_test_top.env.s_agent.mon [slave_monitor] READ Transaction Captured
----------------------------------------------------------------------------------------
Name                           Type             Size  Value                             
----------------------------------------------------------------------------------------
req                            axi_transaction  -     @4751                             
  begin_time                   time             64    8375000                           
  depth                        int              32    'd2                               
  parent sequence (name)       string           4     wseq                              
  parent sequence (full name)  string           34    uvm_test_top.env.m_agent.seqr.wseq
  sequencer                    string           29    uvm_test_top.env.m_agent.seqr     
----------------------------------------------------------------------------------------
UVM_INFO slave_driver.sv(128) @ 8395000: uvm_test_top.env.s_agent.drv [slave_driver] SLAVE AW captured: AWLEN=8 AWADDR=000002a0
UVM_INFO axi_scoreboard.sv(73) @ 8635000: uvm_test_top.env.sb [axi_scoreboard] WRITE stored @0x000002a0
UVM_INFO slave_monitor.sv(193) @ 8635000: uvm_test_top.env.s_agent.mon [slave_monitor] WRITE Transaction Captured
----------------------------------------------------------------------------------------
Name                           Type             Size  Value                             
----------------------------------------------------------------------------------------
req                            axi_transaction  -     @4679                             
  begin_time                   time             64    8635000                           
  depth                        int              32    'd2                               
  parent sequence (name)       string           4     rseq                              
  parent sequence (full name)  string           34    uvm_test_top.env.m_agent.seqr.rseq
  sequencer                    string           29    uvm_test_top.env.m_agent.seqr     
----------------------------------------------------------------------------------------
UVM_INFO axi_scoreboard.sv(111) @ 8745000: uvm_test_top.env.sb [axi_scoreboard] READ PASS @0x000000b4
UVM_INFO slave_monitor.sv(296) @ 8745000: uvm_test_top.env.s_agent.mon [slave_monitor] READ Transaction Captured
----------------------------------------------------------------------------------------
Name                           Type             Size  Value                             
----------------------------------------------------------------------------------------
req                            axi_transaction  -     @4783                             
  begin_time                   time             64    8745000                           
  depth                        int              32    'd2                               
  parent sequence (name)       string           4     wseq                              
  parent sequence (full name)  string           34    uvm_test_top.env.m_agent.seqr.wseq
  sequencer                    string           29    uvm_test_top.env.m_agent.seqr     
----------------------------------------------------------------------------------------
UVM_INFO slave_driver.sv(128) @ 8765000: uvm_test_top.env.s_agent.drv [slave_driver] SLAVE AW captured: AWLEN=14 AWADDR=000000e0
UVM_INFO axi_scoreboard.sv(73) @ 9145000: uvm_test_top.env.sb [axi_scoreboard] WRITE stored @0x000000e0
UVM_INFO slave_monitor.sv(193) @ 9145000: uvm_test_top.env.s_agent.mon [slave_monitor] WRITE Transaction Captured
----------------------------------------------------------------------------------------
Name                           Type             Size  Value                             
----------------------------------------------------------------------------------------
req                            axi_transaction  -     @4711                             
  begin_time                   time             64    9145000                           
  depth                        int              32    'd2                               
  parent sequence (name)       string           4     rseq                              
  parent sequence (full name)  string           34    uvm_test_top.env.m_agent.seqr.rseq
  sequencer                    string           29    uvm_test_top.env.m_agent.seqr     
----------------------------------------------------------------------------------------
UVM_INFO axi_scoreboard.sv(111) @ 9175000: uvm_test_top.env.sb [axi_scoreboard] READ PASS @0x000003f8
UVM_INFO slave_monitor.sv(296) @ 9175000: uvm_test_top.env.s_agent.mon [slave_monitor] READ Transaction Captured
----------------------------------------------------------------------------------------
Name                           Type             Size  Value                             
----------------------------------------------------------------------------------------
req                            axi_transaction  -     @4815                             
  begin_time                   time             64    9175000                           
  depth                        int              32    'd2                               
  parent sequence (name)       string           4     wseq                              
  parent sequence (full name)  string           34    uvm_test_top.env.m_agent.seqr.wseq
  sequencer                    string           29    uvm_test_top.env.m_agent.seqr     
----------------------------------------------------------------------------------------
UVM_INFO slave_driver.sv(128) @ 9195000: uvm_test_top.env.s_agent.drv [slave_driver] SLAVE AW captured: AWLEN=14 AWADDR=0000023c
UVM_INFO axi_scoreboard.sv(73) @ 9685000: uvm_test_top.env.sb [axi_scoreboard] WRITE stored @0x0000023c
UVM_INFO slave_monitor.sv(193) @ 9685000: uvm_test_top.env.s_agent.mon [slave_monitor] WRITE Transaction Captured
----------------------------------------------------------------------------------------
Name                           Type             Size  Value                             
----------------------------------------------------------------------------------------
req                            axi_transaction  -     @4743                             
  begin_time                   time             64    9685000                           
  depth                        int              32    'd2                               
  parent sequence (name)       string           4     rseq                              
  parent sequence (full name)  string           34    uvm_test_top.env.m_agent.seqr.rseq
  sequencer                    string           29    uvm_test_top.env.m_agent.seqr     
----------------------------------------------------------------------------------------
UVM_INFO axi_scoreboard.sv(111) @ 9815000: uvm_test_top.env.sb [axi_scoreboard] READ PASS @0x000001c8
UVM_INFO slave_monitor.sv(296) @ 9815000: uvm_test_top.env.s_agent.mon [slave_monitor] READ Transaction Captured
----------------------------------------------------------------------------------------
Name                           Type             Size  Value                             
----------------------------------------------------------------------------------------
req                            axi_transaction  -     @4847                             
  begin_time                   time             64    9815000                           
  depth                        int              32    'd2                               
  parent sequence (name)       string           4     wseq                              
  parent sequence (full name)  string           34    uvm_test_top.env.m_agent.seqr.wseq
  sequencer                    string           29    uvm_test_top.env.m_agent.seqr     
----------------------------------------------------------------------------------------
UVM_INFO slave_driver.sv(128) @ 9835000: uvm_test_top.env.s_agent.drv [slave_driver] SLAVE AW captured: AWLEN=6 AWADDR=000003e2
UVM_INFO axi_scoreboard.sv(73) @ 10045000: uvm_test_top.env.sb [axi_scoreboard] WRITE stored @0x000003e2
UVM_INFO slave_monitor.sv(193) @ 10045000: uvm_test_top.env.s_agent.mon [slave_monitor] WRITE Transaction Captured
----------------------------------------------------------------------------------------
Name                           Type             Size  Value                             
----------------------------------------------------------------------------------------
req                            axi_transaction  -     @4775                             
  begin_time                   time             64    10045000                          
  depth                        int              32    'd2                               
  parent sequence (name)       string           4     rseq                              
  parent sequence (full name)  string           34    uvm_test_top.env.m_agent.seqr.rseq
  sequencer                    string           29    uvm_test_top.env.m_agent.seqr     
----------------------------------------------------------------------------------------
UVM_INFO axi_scoreboard.sv(111) @ 10075000: uvm_test_top.env.sb [axi_scoreboard] READ PASS @0x000003aa
UVM_INFO slave_monitor.sv(296) @ 10075000: uvm_test_top.env.s_agent.mon [slave_monitor] READ Transaction Captured
----------------------------------------------------------------------------------------
Name                           Type             Size  Value                             
----------------------------------------------------------------------------------------
req                            axi_transaction  -     @4879                             
  begin_time                   time             64    10075000                          
  depth                        int              32    'd2                               
  parent sequence (name)       string           4     wseq                              
  parent sequence (full name)  string           34    uvm_test_top.env.m_agent.seqr.wseq
  sequencer                    string           29    uvm_test_top.env.m_agent.seqr     
----------------------------------------------------------------------------------------
UVM_INFO slave_driver.sv(128) @ 10095000: uvm_test_top.env.s_agent.drv [slave_driver] SLAVE AW captured: AWLEN=3 AWADDR=00000044
UVM_INFO axi_scoreboard.sv(73) @ 10245000: uvm_test_top.env.sb [axi_scoreboard] WRITE stored @0x00000044
UVM_INFO slave_monitor.sv(193) @ 10245000: uvm_test_top.env.s_agent.mon [slave_monitor] WRITE Transaction Captured
----------------------------------------------------------------------------------------
Name                           Type             Size  Value                             
----------------------------------------------------------------------------------------
req                            axi_transaction  -     @4807                             
  begin_time                   time             64    10245000                          
  depth                        int              32    'd2                               
  parent sequence (name)       string           4     rseq                              
  parent sequence (full name)  string           34    uvm_test_top.env.m_agent.seqr.rseq
  sequencer                    string           29    uvm_test_top.env.m_agent.seqr     
----------------------------------------------------------------------------------------
UVM_INFO axi_scoreboard.sv(111) @ 10355000: uvm_test_top.env.sb [axi_scoreboard] READ PASS @0x000001bb
UVM_INFO slave_monitor.sv(296) @ 10355000: uvm_test_top.env.s_agent.mon [slave_monitor] READ Transaction Captured
----------------------------------------------------------------------------------------
Name                           Type             Size  Value                             
----------------------------------------------------------------------------------------
req                            axi_transaction  -     @4911                             
  begin_time                   time             64    10355000                          
  depth                        int              32    'd2                               
  parent sequence (name)       string           4     wseq                              
  parent sequence (full name)  string           34    uvm_test_top.env.m_agent.seqr.wseq
  sequencer                    string           29    uvm_test_top.env.m_agent.seqr     
----------------------------------------------------------------------------------------
UVM_INFO slave_driver.sv(128) @ 10375000: uvm_test_top.env.s_agent.drv [slave_driver] SLAVE AW captured: AWLEN=5 AWADDR=000002a8
UVM_INFO axi_scoreboard.sv(73) @ 10545000: uvm_test_top.env.sb [axi_scoreboard] WRITE stored @0x000002a8
UVM_INFO slave_monitor.sv(193) @ 10545000: uvm_test_top.env.s_agent.mon [slave_monitor] WRITE Transaction Captured
----------------------------------------------------------------------------------------
Name                           Type             Size  Value                             
----------------------------------------------------------------------------------------
req                            axi_transaction  -     @4839                             
  begin_time                   time             64    10545000                          
  depth                        int              32    'd2                               
  parent sequence (name)       string           4     rseq                              
  parent sequence (full name)  string           34    uvm_test_top.env.m_agent.seqr.rseq
  sequencer                    string           29    uvm_test_top.env.m_agent.seqr     
----------------------------------------------------------------------------------------
UVM_INFO axi_scoreboard.sv(111) @ 10585000: uvm_test_top.env.sb [axi_scoreboard] READ PASS @0x000001b8
UVM_INFO slave_monitor.sv(296) @ 10585000: uvm_test_top.env.s_agent.mon [slave_monitor] READ Transaction Captured
----------------------------------------------------------------------------------------
Name                           Type             Size  Value                             
----------------------------------------------------------------------------------------
req                            axi_transaction  -     @4943                             
  begin_time                   time             64    10585000                          
  depth                        int              32    'd2                               
  parent sequence (name)       string           4     wseq                              
  parent sequence (full name)  string           34    uvm_test_top.env.m_agent.seqr.wseq
  sequencer                    string           29    uvm_test_top.env.m_agent.seqr     
----------------------------------------------------------------------------------------
UVM_INFO slave_driver.sv(128) @ 10605000: uvm_test_top.env.s_agent.drv [slave_driver] SLAVE AW captured: AWLEN=15 AWADDR=00000128
UVM_INFO axi_scoreboard.sv(73) @ 11015000: uvm_test_top.env.sb [axi_scoreboard] WRITE stored @0x00000128
UVM_INFO slave_monitor.sv(193) @ 11015000: uvm_test_top.env.s_agent.mon [slave_monitor] WRITE Transaction Captured
----------------------------------------------------------------------------------------
Name                           Type             Size  Value                             
----------------------------------------------------------------------------------------
req                            axi_transaction  -     @4871                             
  begin_time                   time             64    11015000                          
  depth                        int              32    'd2                               
  parent sequence (name)       string           4     rseq                              
  parent sequence (full name)  string           34    uvm_test_top.env.m_agent.seqr.rseq
  sequencer                    string           29    uvm_test_top.env.m_agent.seqr     
----------------------------------------------------------------------------------------
UVM_INFO axi_scoreboard.sv(111) @ 11155000: uvm_test_top.env.sb [axi_scoreboard] READ PASS @0x00000168
UVM_INFO slave_monitor.sv(296) @ 11155000: uvm_test_top.env.s_agent.mon [slave_monitor] READ Transaction Captured
----------------------------------------------------------------------------------------
Name                           Type             Size  Value                             
----------------------------------------------------------------------------------------
req                            axi_transaction  -     @4975                             
  begin_time                   time             64    11155000                          
  depth                        int              32    'd2                               
  parent sequence (name)       string           4     wseq                              
  parent sequence (full name)  string           34    uvm_test_top.env.m_agent.seqr.wseq
  sequencer                    string           29    uvm_test_top.env.m_agent.seqr     
----------------------------------------------------------------------------------------
UVM_INFO slave_driver.sv(128) @ 11175000: uvm_test_top.env.s_agent.drv [slave_driver] SLAVE AW captured: AWLEN=0 AWADDR=00000074
UVM_INFO axi_scoreboard.sv(73) @ 11205000: uvm_test_top.env.sb [axi_scoreboard] WRITE stored @0x00000074
UVM_INFO slave_monitor.sv(193) @ 11205000: uvm_test_top.env.s_agent.mon [slave_monitor] WRITE Transaction Captured
----------------------------------------------------------------------------------------
Name                           Type             Size  Value                             
----------------------------------------------------------------------------------------
req                            axi_transaction  -     @4903                             
  begin_time                   time             64    11205000                          
  depth                        int              32    'd2                               
  parent sequence (name)       string           4     rseq                              
  parent sequence (full name)  string           34    uvm_test_top.env.m_agent.seqr.rseq
  sequencer                    string           29    uvm_test_top.env.m_agent.seqr     
----------------------------------------------------------------------------------------
UVM_INFO axi_scoreboard.sv(111) @ 11295000: uvm_test_top.env.sb [axi_scoreboard] READ PASS @0x00000130
UVM_INFO slave_monitor.sv(296) @ 11295000: uvm_test_top.env.s_agent.mon [slave_monitor] READ Transaction Captured
----------------------------------------------------------------------------------------
Name                           Type             Size  Value                             
----------------------------------------------------------------------------------------
req                            axi_transaction  -     @5007                             
  begin_time                   time             64    11295000                          
  depth                        int              32    'd2                               
  parent sequence (name)       string           4     wseq                              
  parent sequence (full name)  string           34    uvm_test_top.env.m_agent.seqr.wseq
  sequencer                    string           29    uvm_test_top.env.m_agent.seqr     
----------------------------------------------------------------------------------------
UVM_INFO slave_driver.sv(128) @ 11315000: uvm_test_top.env.s_agent.drv [slave_driver] SLAVE AW captured: AWLEN=5 AWADDR=000002dd
UVM_INFO axi_scoreboard.sv(73) @ 11455000: uvm_test_top.env.sb [axi_scoreboard] WRITE stored @0x000002dd
UVM_INFO slave_monitor.sv(193) @ 11455000: uvm_test_top.env.s_agent.mon [slave_monitor] WRITE Transaction Captured
----------------------------------------------------------------------------------------
Name                           Type             Size  Value                             
----------------------------------------------------------------------------------------
req                            axi_transaction  -     @4935                             
  begin_time                   time             64    11455000                          
  depth                        int              32    'd2                               
  parent sequence (name)       string           4     rseq                              
  parent sequence (full name)  string           34    uvm_test_top.env.m_agent.seqr.rseq
  sequencer                    string           29    uvm_test_top.env.m_agent.seqr     
----------------------------------------------------------------------------------------
UVM_INFO axi_scoreboard.sv(111) @ 11495000: uvm_test_top.env.sb [axi_scoreboard] READ PASS @0x00000180
UVM_INFO slave_monitor.sv(296) @ 11495000: uvm_test_top.env.s_agent.mon [slave_monitor] READ Transaction Captured
----------------------------------------------------------------------------------------
Name                           Type             Size  Value                             
----------------------------------------------------------------------------------------
req                            axi_transaction  -     @5039                             
  begin_time                   time             64    11495000                          
  depth                        int              32    'd2                               
  parent sequence (name)       string           4     wseq                              
  parent sequence (full name)  string           34    uvm_test_top.env.m_agent.seqr.wseq
  sequencer                    string           29    uvm_test_top.env.m_agent.seqr     
----------------------------------------------------------------------------------------
UVM_INFO slave_driver.sv(128) @ 11515000: uvm_test_top.env.s_agent.drv [slave_driver] SLAVE AW captured: AWLEN=7 AWADDR=00000398
UVM_INFO axi_scoreboard.sv(73) @ 11745000: uvm_test_top.env.sb [axi_scoreboard] WRITE stored @0x00000398
UVM_INFO slave_monitor.sv(193) @ 11745000: uvm_test_top.env.s_agent.mon [slave_monitor] WRITE Transaction Captured
----------------------------------------------------------------------------------------
Name                           Type             Size  Value                             
----------------------------------------------------------------------------------------
req                            axi_transaction  -     @4967                             
  begin_time                   time             64    11745000                          
  depth                        int              32    'd2                               
  parent sequence (name)       string           4     rseq                              
  parent sequence (full name)  string           34    uvm_test_top.env.m_agent.seqr.rseq
  sequencer                    string           29    uvm_test_top.env.m_agent.seqr     
----------------------------------------------------------------------------------------
UVM_INFO axi_scoreboard.sv(111) @ 11905000: uvm_test_top.env.sb [axi_scoreboard] READ PASS @0x00000253
UVM_INFO slave_monitor.sv(296) @ 11905000: uvm_test_top.env.s_agent.mon [slave_monitor] READ Transaction Captured
----------------------------------------------------------------------------------------
Name                           Type             Size  Value                             
----------------------------------------------------------------------------------------
req                            axi_transaction  -     @5071                             
  begin_time                   time             64    11905000                          
  depth                        int              32    'd2                               
  parent sequence (name)       string           4     wseq                              
  parent sequence (full name)  string           34    uvm_test_top.env.m_agent.seqr.wseq
  sequencer                    string           29    uvm_test_top.env.m_agent.seqr     
----------------------------------------------------------------------------------------
UVM_INFO slave_driver.sv(128) @ 11925000: uvm_test_top.env.s_agent.drv [slave_driver] SLAVE AW captured: AWLEN=9 AWADDR=000000d4
UVM_INFO axi_scoreboard.sv(73) @ 12215000: uvm_test_top.env.sb [axi_scoreboard] WRITE stored @0x000000d4
UVM_INFO slave_monitor.sv(193) @ 12215000: uvm_test_top.env.s_agent.mon [slave_monitor] WRITE Transaction Captured
----------------------------------------------------------------------------------------
Name                           Type             Size  Value                             
----------------------------------------------------------------------------------------
req                            axi_transaction  -     @4999                             
  begin_time                   time             64    12215000                          
  depth                        int              32    'd2                               
  parent sequence (name)       string           4     rseq                              
  parent sequence (full name)  string           34    uvm_test_top.env.m_agent.seqr.rseq
  sequencer                    string           29    uvm_test_top.env.m_agent.seqr     
----------------------------------------------------------------------------------------
UVM_INFO axi_scoreboard.sv(111) @ 12295000: uvm_test_top.env.sb [axi_scoreboard] READ PASS @0x00000130
UVM_INFO slave_monitor.sv(296) @ 12295000: uvm_test_top.env.s_agent.mon [slave_monitor] READ Transaction Captured
----------------------------------------------------------------------------------------
Name                           Type             Size  Value                             
----------------------------------------------------------------------------------------
req                            axi_transaction  -     @5103                             
  begin_time                   time             64    12295000                          
  depth                        int              32    'd2                               
  parent sequence (name)       string           4     wseq                              
  parent sequence (full name)  string           34    uvm_test_top.env.m_agent.seqr.wseq
  sequencer                    string           29    uvm_test_top.env.m_agent.seqr     
----------------------------------------------------------------------------------------
UVM_INFO slave_driver.sv(128) @ 12315000: uvm_test_top.env.s_agent.drv [slave_driver] SLAVE AW captured: AWLEN=7 AWADDR=00000116
UVM_INFO axi_scoreboard.sv(73) @ 12525000: uvm_test_top.env.sb [axi_scoreboard] WRITE stored @0x00000116
UVM_INFO slave_monitor.sv(193) @ 12525000: uvm_test_top.env.s_agent.mon [slave_monitor] WRITE Transaction Captured
----------------------------------------------------------------------------------------
Name                           Type             Size  Value                             
----------------------------------------------------------------------------------------
req                            axi_transaction  -     @5031                             
  begin_time                   time             64    12525000                          
  depth                        int              32    'd2                               
  parent sequence (name)       string           4     rseq                              
  parent sequence (full name)  string           34    uvm_test_top.env.m_agent.seqr.rseq
  sequencer                    string           29    uvm_test_top.env.m_agent.seqr     
----------------------------------------------------------------------------------------
UVM_INFO axi_scoreboard.sv(111) @ 12595000: uvm_test_top.env.sb [axi_scoreboard] READ PASS @0x0000009c
UVM_INFO slave_monitor.sv(296) @ 12595000: uvm_test_top.env.s_agent.mon [slave_monitor] READ Transaction Captured
----------------------------------------------------------------------------------------
Name                           Type             Size  Value                             
----------------------------------------------------------------------------------------
req                            axi_transaction  -     @5135                             
  begin_time                   time             64    12595000                          
  depth                        int              32    'd2                               
  parent sequence (name)       string           4     wseq                              
  parent sequence (full name)  string           34    uvm_test_top.env.m_agent.seqr.wseq
  sequencer                    string           29    uvm_test_top.env.m_agent.seqr     
----------------------------------------------------------------------------------------
UVM_INFO slave_driver.sv(128) @ 12615000: uvm_test_top.env.s_agent.drv [slave_driver] SLAVE AW captured: AWLEN=8 AWADDR=000001a8
UVM_INFO axi_scoreboard.sv(73) @ 12785000: uvm_test_top.env.sb [axi_scoreboard] WRITE stored @0x000001a8
UVM_INFO slave_monitor.sv(193) @ 12785000: uvm_test_top.env.s_agent.mon [slave_monitor] WRITE Transaction Captured
----------------------------------------------------------------------------------------
Name                           Type             Size  Value                             
----------------------------------------------------------------------------------------
req                            axi_transaction  -     @5063                             
  begin_time                   time             64    12785000                          
  depth                        int              32    'd2                               
  parent sequence (name)       string           4     rseq                              
  parent sequence (full name)  string           34    uvm_test_top.env.m_agent.seqr.rseq
  sequencer                    string           29    uvm_test_top.env.m_agent.seqr     
----------------------------------------------------------------------------------------
UVM_INFO axi_scoreboard.sv(111) @ 12895000: uvm_test_top.env.sb [axi_scoreboard] READ PASS @0x00000186
UVM_INFO slave_monitor.sv(296) @ 12895000: uvm_test_top.env.s_agent.mon [slave_monitor] READ Transaction Captured
----------------------------------------------------------------------------------------
Name                           Type             Size  Value                             
----------------------------------------------------------------------------------------
req                            axi_transaction  -     @5167                             
  begin_time                   time             64    12895000                          
  depth                        int              32    'd2                               
  parent sequence (name)       string           4     wseq                              
  parent sequence (full name)  string           34    uvm_test_top.env.m_agent.seqr.wseq
  sequencer                    string           29    uvm_test_top.env.m_agent.seqr     
----------------------------------------------------------------------------------------
UVM_INFO slave_driver.sv(128) @ 12915000: uvm_test_top.env.s_agent.drv [slave_driver] SLAVE AW captured: AWLEN=10 AWADDR=000002f0
UVM_INFO axi_scoreboard.sv(73) @ 13185000: uvm_test_top.env.sb [axi_scoreboard] WRITE stored @0x000002f0
UVM_INFO slave_monitor.sv(193) @ 13185000: uvm_test_top.env.s_agent.mon [slave_monitor] WRITE Transaction Captured
----------------------------------------------------------------------------------------
Name                           Type             Size  Value                             
----------------------------------------------------------------------------------------
req                            axi_transaction  -     @5095                             
  begin_time                   time             64    13185000                          
  depth                        int              32    'd2                               
  parent sequence (name)       string           4     rseq                              
  parent sequence (full name)  string           34    uvm_test_top.env.m_agent.seqr.rseq
  sequencer                    string           29    uvm_test_top.env.m_agent.seqr     
----------------------------------------------------------------------------------------
UVM_INFO axi_scoreboard.sv(111) @ 13315000: uvm_test_top.env.sb [axi_scoreboard] READ PASS @0x0000016e
UVM_INFO slave_monitor.sv(296) @ 13315000: uvm_test_top.env.s_agent.mon [slave_monitor] READ Transaction Captured
----------------------------------------------------------------------------------------
Name                           Type             Size  Value                             
----------------------------------------------------------------------------------------
req                            axi_transaction  -     @5199                             
  begin_time                   time             64    13315000                          
  depth                        int              32    'd2                               
  parent sequence (name)       string           4     wseq                              
  parent sequence (full name)  string           34    uvm_test_top.env.m_agent.seqr.wseq
  sequencer                    string           29    uvm_test_top.env.m_agent.seqr     
----------------------------------------------------------------------------------------
UVM_INFO slave_driver.sv(128) @ 13335000: uvm_test_top.env.s_agent.drv [slave_driver] SLAVE AW captured: AWLEN=2 AWADDR=00000208
UVM_INFO axi_scoreboard.sv(73) @ 13415000: uvm_test_top.env.sb [axi_scoreboard] WRITE stored @0x00000208
UVM_INFO slave_monitor.sv(193) @ 13415000: uvm_test_top.env.s_agent.mon [slave_monitor] WRITE Transaction Captured
----------------------------------------------------------------------------------------
Name                           Type             Size  Value                             
----------------------------------------------------------------------------------------
req                            axi_transaction  -     @5127                             
  begin_time                   time             64    13415000                          
  depth                        int              32    'd2                               
  parent sequence (name)       string           4     rseq                              
  parent sequence (full name)  string           34    uvm_test_top.env.m_agent.seqr.rseq
  sequencer                    string           29    uvm_test_top.env.m_agent.seqr     
----------------------------------------------------------------------------------------
UVM_INFO axi_scoreboard.sv(111) @ 13575000: uvm_test_top.env.sb [axi_scoreboard] READ PASS @0x000000bc
UVM_INFO slave_monitor.sv(296) @ 13575000: uvm_test_top.env.s_agent.mon [slave_monitor] READ Transaction Captured
----------------------------------------------------------------------------------------
Name                           Type             Size  Value                             
----------------------------------------------------------------------------------------
req                            axi_transaction  -     @5231                             
  begin_time                   time             64    13575000                          
  depth                        int              32    'd2                               
  parent sequence (name)       string           4     wseq                              
  parent sequence (full name)  string           34    uvm_test_top.env.m_agent.seqr.wseq
  sequencer                    string           29    uvm_test_top.env.m_agent.seqr     
----------------------------------------------------------------------------------------
UVM_INFO slave_driver.sv(128) @ 13595000: uvm_test_top.env.s_agent.drv [slave_driver] SLAVE AW captured: AWLEN=9 AWADDR=000002f6
UVM_INFO axi_scoreboard.sv(73) @ 13815000: uvm_test_top.env.sb [axi_scoreboard] WRITE stored @0x000002f6
UVM_INFO slave_monitor.sv(193) @ 13815000: uvm_test_top.env.s_agent.mon [slave_monitor] WRITE Transaction Captured
----------------------------------------------------------------------------------------
Name                           Type             Size  Value                             
----------------------------------------------------------------------------------------
req                            axi_transaction  -     @5159                             
  begin_time                   time             64    13815000                          
  depth                        int              32    'd2                               
  parent sequence (name)       string           4     rseq                              
  parent sequence (full name)  string           34    uvm_test_top.env.m_agent.seqr.rseq
  sequencer                    string           29    uvm_test_top.env.m_agent.seqr     
----------------------------------------------------------------------------------------
UVM_INFO axi_scoreboard.sv(111) @ 13925000: uvm_test_top.env.sb [axi_scoreboard] READ PASS @0x000002a0
UVM_INFO slave_monitor.sv(296) @ 13925000: uvm_test_top.env.s_agent.mon [slave_monitor] READ Transaction Captured
----------------------------------------------------------------------------------------
Name                           Type             Size  Value                             
----------------------------------------------------------------------------------------
req                            axi_transaction  -     @5263                             
  begin_time                   time             64    13925000                          
  depth                        int              32    'd2                               
  parent sequence (name)       string           4     wseq                              
  parent sequence (full name)  string           34    uvm_test_top.env.m_agent.seqr.wseq
  sequencer                    string           29    uvm_test_top.env.m_agent.seqr     
----------------------------------------------------------------------------------------
UVM_INFO slave_driver.sv(128) @ 13945000: uvm_test_top.env.s_agent.drv [slave_driver] SLAVE AW captured: AWLEN=0 AWADDR=00000020
UVM_INFO axi_scoreboard.sv(73) @ 13985000: uvm_test_top.env.sb [axi_scoreboard] WRITE stored @0x00000020
UVM_INFO slave_monitor.sv(193) @ 13985000: uvm_test_top.env.s_agent.mon [slave_monitor] WRITE Transaction Captured
----------------------------------------------------------------------------------------
Name                           Type             Size  Value                             
----------------------------------------------------------------------------------------
req                            axi_transaction  -     @5191                             
  begin_time                   time             64    13985000                          
  depth                        int              32    'd2                               
  parent sequence (name)       string           4     rseq                              
  parent sequence (full name)  string           34    uvm_test_top.env.m_agent.seqr.rseq
  sequencer                    string           29    uvm_test_top.env.m_agent.seqr     
----------------------------------------------------------------------------------------
UVM_INFO axi_scoreboard.sv(111) @ 14135000: uvm_test_top.env.sb [axi_scoreboard] READ PASS @0x00000066
UVM_INFO slave_monitor.sv(296) @ 14135000: uvm_test_top.env.s_agent.mon [slave_monitor] READ Transaction Captured
----------------------------------------------------------------------------------------
Name                           Type             Size  Value                             
----------------------------------------------------------------------------------------
req                            axi_transaction  -     @5295                             
  begin_time                   time             64    14135000                          
  depth                        int              32    'd2                               
  parent sequence (name)       string           4     wseq                              
  parent sequence (full name)  string           34    uvm_test_top.env.m_agent.seqr.wseq
  sequencer                    string           29    uvm_test_top.env.m_agent.seqr     
----------------------------------------------------------------------------------------
UVM_INFO slave_driver.sv(128) @ 14155000: uvm_test_top.env.s_agent.drv [slave_driver] SLAVE AW captured: AWLEN=11 AWADDR=000001fa
UVM_INFO axi_scoreboard.sv(73) @ 14485000: uvm_test_top.env.sb [axi_scoreboard] WRITE stored @0x000001fa
UVM_INFO slave_monitor.sv(193) @ 14485000: uvm_test_top.env.s_agent.mon [slave_monitor] WRITE Transaction Captured
----------------------------------------------------------------------------------------
Name                           Type             Size  Value                             
----------------------------------------------------------------------------------------
req                            axi_transaction  -     @5223                             
  begin_time                   time             64    14485000                          
  depth                        int              32    'd2                               
  parent sequence (name)       string           4     rseq                              
  parent sequence (full name)  string           34    uvm_test_top.env.m_agent.seqr.rseq
  sequencer                    string           29    uvm_test_top.env.m_agent.seqr     
----------------------------------------------------------------------------------------
UVM_INFO axi_scoreboard.sv(111) @ 14585000: uvm_test_top.env.sb [axi_scoreboard] READ PASS @0x000003dc
UVM_INFO slave_monitor.sv(296) @ 14585000: uvm_test_top.env.s_agent.mon [slave_monitor] READ Transaction Captured
----------------------------------------------------------------------------------------
Name                           Type             Size  Value                             
----------------------------------------------------------------------------------------
req                            axi_transaction  -     @5327                             
  begin_time                   time             64    14585000                          
  depth                        int              32    'd2                               
  parent sequence (name)       string           4     wseq                              
  parent sequence (full name)  string           34    uvm_test_top.env.m_agent.seqr.wseq
  sequencer                    string           29    uvm_test_top.env.m_agent.seqr     
----------------------------------------------------------------------------------------
UVM_INFO slave_driver.sv(128) @ 14605000: uvm_test_top.env.s_agent.drv [slave_driver] SLAVE AW captured: AWLEN=5 AWADDR=00000238
UVM_INFO axi_scoreboard.sv(73) @ 14785000: uvm_test_top.env.sb [axi_scoreboard] WRITE stored @0x00000238
UVM_INFO slave_monitor.sv(193) @ 14785000: uvm_test_top.env.s_agent.mon [slave_monitor] WRITE Transaction Captured
----------------------------------------------------------------------------------------
Name                           Type             Size  Value                             
----------------------------------------------------------------------------------------
req                            axi_transaction  -     @5255                             
  begin_time                   time             64    14785000                          
  depth                        int              32    'd2                               
  parent sequence (name)       string           4     rseq                              
  parent sequence (full name)  string           34    uvm_test_top.env.m_agent.seqr.rseq
  sequencer                    string           29    uvm_test_top.env.m_agent.seqr     
----------------------------------------------------------------------------------------
UVM_INFO axi_scoreboard.sv(111) @ 14815000: uvm_test_top.env.sb [axi_scoreboard] READ PASS @0x000002d0
UVM_INFO slave_monitor.sv(296) @ 14815000: uvm_test_top.env.s_agent.mon [slave_monitor] READ Transaction Captured
----------------------------------------------------------------------------------------
Name                           Type             Size  Value                             
----------------------------------------------------------------------------------------
req                            axi_transaction  -     @5359                             
  begin_time                   time             64    14815000                          
  depth                        int              32    'd2                               
  parent sequence (name)       string           4     wseq                              
  parent sequence (full name)  string           34    uvm_test_top.env.m_agent.seqr.wseq
  sequencer                    string           29    uvm_test_top.env.m_agent.seqr     
----------------------------------------------------------------------------------------
UVM_INFO slave_driver.sv(128) @ 14835000: uvm_test_top.env.s_agent.drv [slave_driver] SLAVE AW captured: AWLEN=2 AWADDR=00000190
UVM_INFO axi_scoreboard.sv(73) @ 14935000: uvm_test_top.env.sb [axi_scoreboard] WRITE stored @0x00000190
UVM_INFO slave_monitor.sv(193) @ 14935000: uvm_test_top.env.s_agent.mon [slave_monitor] WRITE Transaction Captured
----------------------------------------------------------------------------------------
Name                           Type             Size  Value                             
----------------------------------------------------------------------------------------
req                            axi_transaction  -     @5287                             
  begin_time                   time             64    14935000                          
  depth                        int              32    'd2                               
  parent sequence (name)       string           4     rseq                              
  parent sequence (full name)  string           34    uvm_test_top.env.m_agent.seqr.rseq
  sequencer                    string           29    uvm_test_top.env.m_agent.seqr     
----------------------------------------------------------------------------------------
UVM_INFO axi_scoreboard.sv(111) @ 15105000: uvm_test_top.env.sb [axi_scoreboard] READ PASS @0x00000372
UVM_INFO slave_monitor.sv(296) @ 15105000: uvm_test_top.env.s_agent.mon [slave_monitor] READ Transaction Captured
----------------------------------------------------------------------------------------
Name                           Type             Size  Value                             
----------------------------------------------------------------------------------------
req                            axi_transaction  -     @5391                             
  begin_time                   time             64    15105000                          
  depth                        int              32    'd2                               
  parent sequence (name)       string           4     wseq                              
  parent sequence (full name)  string           34    uvm_test_top.env.m_agent.seqr.wseq
  sequencer                    string           29    uvm_test_top.env.m_agent.seqr     
----------------------------------------------------------------------------------------
UVM_INFO slave_driver.sv(128) @ 15125000: uvm_test_top.env.s_agent.drv [slave_driver] SLAVE AW captured: AWLEN=5 AWADDR=000000d0
UVM_INFO axi_scoreboard.sv(73) @ 15325000: uvm_test_top.env.sb [axi_scoreboard] WRITE stored @0x000000d0
UVM_INFO slave_monitor.sv(193) @ 15325000: uvm_test_top.env.s_agent.mon [slave_monitor] WRITE Transaction Captured
----------------------------------------------------------------------------------------
Name                           Type             Size  Value                             
----------------------------------------------------------------------------------------
req                            axi_transaction  -     @5319                             
  begin_time                   time             64    15325000                          
  depth                        int              32    'd2                               
  parent sequence (name)       string           4     rseq                              
  parent sequence (full name)  string           34    uvm_test_top.env.m_agent.seqr.rseq
  sequencer                    string           29    uvm_test_top.env.m_agent.seqr     
----------------------------------------------------------------------------------------
UVM_INFO axi_scoreboard.sv(111) @ 15465000: uvm_test_top.env.sb [axi_scoreboard] READ PASS @0x0000010c
UVM_INFO slave_monitor.sv(296) @ 15465000: uvm_test_top.env.s_agent.mon [slave_monitor] READ Transaction Captured
----------------------------------------------------------------------------------------
Name                           Type             Size  Value                             
----------------------------------------------------------------------------------------
req                            axi_transaction  -     @5423                             
  begin_time                   time             64    15465000                          
  depth                        int              32    'd2                               
  parent sequence (name)       string           4     wseq                              
  parent sequence (full name)  string           34    uvm_test_top.env.m_agent.seqr.wseq
  sequencer                    string           29    uvm_test_top.env.m_agent.seqr     
----------------------------------------------------------------------------------------
UVM_INFO slave_driver.sv(128) @ 15485000: uvm_test_top.env.s_agent.drv [slave_driver] SLAVE AW captured: AWLEN=15 AWADDR=0000030a
UVM_INFO axi_scoreboard.sv(73) @ 15905000: uvm_test_top.env.sb [axi_scoreboard] WRITE stored @0x0000030a
UVM_INFO slave_monitor.sv(193) @ 15905000: uvm_test_top.env.s_agent.mon [slave_monitor] WRITE Transaction Captured
----------------------------------------------------------------------------------------
Name                           Type             Size  Value                             
----------------------------------------------------------------------------------------
req                            axi_transaction  -     @5351                             
  begin_time                   time             64    15905000                          
  depth                        int              32    'd2                               
  parent sequence (name)       string           4     rseq                              
  parent sequence (full name)  string           34    uvm_test_top.env.m_agent.seqr.rseq
  sequencer                    string           29    uvm_test_top.env.m_agent.seqr     
----------------------------------------------------------------------------------------
UVM_INFO axi_scoreboard.sv(111) @ 16045000: uvm_test_top.env.sb [axi_scoreboard] READ PASS @0x000002d0
UVM_INFO slave_monitor.sv(296) @ 16045000: uvm_test_top.env.s_agent.mon [slave_monitor] READ Transaction Captured
----------------------------------------------------------------------------------------
Name                           Type             Size  Value                             
----------------------------------------------------------------------------------------
req                            axi_transaction  -     @5455                             
  begin_time                   time             64    16045000                          
  depth                        int              32    'd2                               
  parent sequence (name)       string           4     wseq                              
  parent sequence (full name)  string           34    uvm_test_top.env.m_agent.seqr.wseq
  sequencer                    string           29    uvm_test_top.env.m_agent.seqr     
----------------------------------------------------------------------------------------
UVM_INFO slave_driver.sv(128) @ 16065000: uvm_test_top.env.s_agent.drv [slave_driver] SLAVE AW captured: AWLEN=2 AWADDR=00000148
UVM_INFO axi_scoreboard.sv(73) @ 16145000: uvm_test_top.env.sb [axi_scoreboard] WRITE stored @0x00000148
UVM_INFO slave_monitor.sv(193) @ 16145000: uvm_test_top.env.s_agent.mon [slave_monitor] WRITE Transaction Captured
----------------------------------------------------------------------------------------
Name                           Type             Size  Value                             
----------------------------------------------------------------------------------------
req                            axi_transaction  -     @5383                             
  begin_time                   time             64    16145000                          
  depth                        int              32    'd2                               
  parent sequence (name)       string           4     rseq                              
  parent sequence (full name)  string           34    uvm_test_top.env.m_agent.seqr.rseq
  sequencer                    string           29    uvm_test_top.env.m_agent.seqr     
----------------------------------------------------------------------------------------
UVM_INFO axi_scoreboard.sv(111) @ 16315000: uvm_test_top.env.sb [axi_scoreboard] READ PASS @0x0000010c
UVM_INFO slave_monitor.sv(296) @ 16315000: uvm_test_top.env.s_agent.mon [slave_monitor] READ Transaction Captured
----------------------------------------------------------------------------------------
Name                           Type             Size  Value                             
----------------------------------------------------------------------------------------
req                            axi_transaction  -     @5487                             
  begin_time                   time             64    16315000                          
  depth                        int              32    'd2                               
  parent sequence (name)       string           4     wseq                              
  parent sequence (full name)  string           34    uvm_test_top.env.m_agent.seqr.wseq
  sequencer                    string           29    uvm_test_top.env.m_agent.seqr     
----------------------------------------------------------------------------------------
UVM_INFO slave_driver.sv(128) @ 16335000: uvm_test_top.env.s_agent.drv [slave_driver] SLAVE AW captured: AWLEN=2 AWADDR=000002d0
UVM_INFO axi_scoreboard.sv(73) @ 16435000: uvm_test_top.env.sb [axi_scoreboard] WRITE stored @0x000002d0
UVM_INFO slave_monitor.sv(193) @ 16435000: uvm_test_top.env.s_agent.mon [slave_monitor] WRITE Transaction Captured
----------------------------------------------------------------------------------------
Name                           Type             Size  Value                             
----------------------------------------------------------------------------------------
req                            axi_transaction  -     @5415                             
  begin_time                   time             64    16435000                          
  depth                        int              32    'd2                               
  parent sequence (name)       string           4     rseq                              
  parent sequence (full name)  string           34    uvm_test_top.env.m_agent.seqr.rseq
  sequencer                    string           29    uvm_test_top.env.m_agent.seqr     
----------------------------------------------------------------------------------------
UVM_INFO axi_scoreboard.sv(111) @ 16605000: uvm_test_top.env.sb [axi_scoreboard] READ PASS @0x000003be
UVM_INFO slave_monitor.sv(296) @ 16605000: uvm_test_top.env.s_agent.mon [slave_monitor] READ Transaction Captured
----------------------------------------------------------------------------------------
Name                           Type             Size  Value                             
----------------------------------------------------------------------------------------
req                            axi_transaction  -     @5519                             
  begin_time                   time             64    16605000                          
  depth                        int              32    'd2                               
  parent sequence (name)       string           4     wseq                              
  parent sequence (full name)  string           34    uvm_test_top.env.m_agent.seqr.wseq
  sequencer                    string           29    uvm_test_top.env.m_agent.seqr     
----------------------------------------------------------------------------------------
UVM_INFO slave_driver.sv(128) @ 16625000: uvm_test_top.env.s_agent.drv [slave_driver] SLAVE AW captured: AWLEN=5 AWADDR=00000114
UVM_INFO axi_scoreboard.sv(73) @ 16815000: uvm_test_top.env.sb [axi_scoreboard] WRITE stored @0x00000114
UVM_INFO slave_monitor.sv(193) @ 16815000: uvm_test_top.env.s_agent.mon [slave_monitor] WRITE Transaction Captured
----------------------------------------------------------------------------------------
Name                           Type             Size  Value                             
----------------------------------------------------------------------------------------
req                            axi_transaction  -     @5447                             
  begin_time                   time             64    16815000                          
  depth                        int              32    'd2                               
  parent sequence (name)       string           4     rseq                              
  parent sequence (full name)  string           34    uvm_test_top.env.m_agent.seqr.rseq
  sequencer                    string           29    uvm_test_top.env.m_agent.seqr     
----------------------------------------------------------------------------------------
UVM_INFO axi_scoreboard.sv(111) @ 16845000: uvm_test_top.env.sb [axi_scoreboard] READ PASS @0x00000264
UVM_INFO slave_monitor.sv(296) @ 16845000: uvm_test_top.env.s_agent.mon [slave_monitor] READ Transaction Captured
----------------------------------------------------------------------------------------
Name                           Type             Size  Value                             
----------------------------------------------------------------------------------------
req                            axi_transaction  -     @5551                             
  begin_time                   time             64    16845000                          
  depth                        int              32    'd2                               
  parent sequence (name)       string           4     wseq                              
  parent sequence (full name)  string           34    uvm_test_top.env.m_agent.seqr.wseq
  sequencer                    string           29    uvm_test_top.env.m_agent.seqr     
----------------------------------------------------------------------------------------
UVM_INFO slave_driver.sv(128) @ 16865000: uvm_test_top.env.s_agent.drv [slave_driver] SLAVE AW captured: AWLEN=13 AWADDR=000002d0
UVM_INFO axi_scoreboard.sv(73) @ 17235000: uvm_test_top.env.sb [axi_scoreboard] WRITE stored @0x000002d0
UVM_INFO slave_monitor.sv(193) @ 17235000: uvm_test_top.env.s_agent.mon [slave_monitor] WRITE Transaction Captured
----------------------------------------------------------------------------------------
Name                           Type             Size  Value                             
----------------------------------------------------------------------------------------
req                            axi_transaction  -     @5479                             
  begin_time                   time             64    17235000                          
  depth                        int              32    'd2                               
  parent sequence (name)       string           4     rseq                              
  parent sequence (full name)  string           34    uvm_test_top.env.m_agent.seqr.rseq
  sequencer                    string           29    uvm_test_top.env.m_agent.seqr     
----------------------------------------------------------------------------------------
UVM_INFO axi_scoreboard.sv(111) @ 17365000: uvm_test_top.env.sb [axi_scoreboard] READ PASS @0x0000025c
UVM_INFO slave_monitor.sv(296) @ 17365000: uvm_test_top.env.s_agent.mon [slave_monitor] READ Transaction Captured
----------------------------------------------------------------------------------------
Name                           Type             Size  Value                             
----------------------------------------------------------------------------------------
req                            axi_transaction  -     @5583                             
  begin_time                   time             64    17365000                          
  depth                        int              32    'd2                               
  parent sequence (name)       string           4     wseq                              
  parent sequence (full name)  string           34    uvm_test_top.env.m_agent.seqr.wseq
  sequencer                    string           29    uvm_test_top.env.m_agent.seqr     
----------------------------------------------------------------------------------------
UVM_INFO slave_driver.sv(128) @ 17385000: uvm_test_top.env.s_agent.drv [slave_driver] SLAVE AW captured: AWLEN=3 AWADDR=000000e0
UVM_INFO axi_scoreboard.sv(73) @ 17505000: uvm_test_top.env.sb [axi_scoreboard] WRITE stored @0x000000e0
UVM_INFO slave_monitor.sv(193) @ 17505000: uvm_test_top.env.s_agent.mon [slave_monitor] WRITE Transaction Captured
----------------------------------------------------------------------------------------
Name                           Type             Size  Value                             
----------------------------------------------------------------------------------------
req                            axi_transaction  -     @5511                             
  begin_time                   time             64    17505000                          
  depth                        int              32    'd2                               
  parent sequence (name)       string           4     rseq                              
  parent sequence (full name)  string           34    uvm_test_top.env.m_agent.seqr.rseq
  sequencer                    string           29    uvm_test_top.env.m_agent.seqr     
----------------------------------------------------------------------------------------
UVM_INFO axi_scoreboard.sv(111) @ 17535000: uvm_test_top.env.sb [axi_scoreboard] READ PASS @0x000000a4
UVM_INFO slave_monitor.sv(296) @ 17535000: uvm_test_top.env.s_agent.mon [slave_monitor] READ Transaction Captured
----------------------------------------------------------------------------------------
Name                           Type             Size  Value                             
----------------------------------------------------------------------------------------
req                            axi_transaction  -     @5615                             
  begin_time                   time             64    17535000                          
  depth                        int              32    'd2                               
  parent sequence (name)       string           4     wseq                              
  parent sequence (full name)  string           34    uvm_test_top.env.m_agent.seqr.wseq
  sequencer                    string           29    uvm_test_top.env.m_agent.seqr     
----------------------------------------------------------------------------------------
UVM_INFO slave_driver.sv(128) @ 17555000: uvm_test_top.env.s_agent.drv [slave_driver] SLAVE AW captured: AWLEN=1 AWADDR=000003b8
UVM_INFO axi_scoreboard.sv(73) @ 17625000: uvm_test_top.env.sb [axi_scoreboard] WRITE stored @0x000003b8
UVM_INFO slave_monitor.sv(193) @ 17625000: uvm_test_top.env.s_agent.mon [slave_monitor] WRITE Transaction Captured
----------------------------------------------------------------------------------------
Name                           Type             Size  Value                             
----------------------------------------------------------------------------------------
req                            axi_transaction  -     @5543                             
  begin_time                   time             64    17625000                          
  depth                        int              32    'd2                               
  parent sequence (name)       string           4     rseq                              
  parent sequence (full name)  string           34    uvm_test_top.env.m_agent.seqr.rseq
  sequencer                    string           29    uvm_test_top.env.m_agent.seqr     
----------------------------------------------------------------------------------------
UVM_INFO axi_scoreboard.sv(111) @ 17715000: uvm_test_top.env.sb [axi_scoreboard] READ PASS @0x000002d0
UVM_INFO slave_monitor.sv(296) @ 17715000: uvm_test_top.env.s_agent.mon [slave_monitor] READ Transaction Captured
----------------------------------------------------------------------------------------
Name                           Type             Size  Value                             
----------------------------------------------------------------------------------------
req                            axi_transaction  -     @5647                             
  begin_time                   time             64    17715000                          
  depth                        int              32    'd2                               
  parent sequence (name)       string           4     wseq                              
  parent sequence (full name)  string           34    uvm_test_top.env.m_agent.seqr.wseq
  sequencer                    string           29    uvm_test_top.env.m_agent.seqr     
----------------------------------------------------------------------------------------
UVM_INFO slave_driver.sv(128) @ 17735000: uvm_test_top.env.s_agent.drv [slave_driver] SLAVE AW captured: AWLEN=5 AWADDR=00000079
UVM_INFO axi_scoreboard.sv(73) @ 17915000: uvm_test_top.env.sb [axi_scoreboard] WRITE stored @0x00000079
UVM_INFO slave_monitor.sv(193) @ 17915000: uvm_test_top.env.s_agent.mon [slave_monitor] WRITE Transaction Captured
----------------------------------------------------------------------------------------
Name                           Type             Size  Value                             
----------------------------------------------------------------------------------------
req                            axi_transaction  -     @5575                             
  begin_time                   time             64    17915000                          
  depth                        int              32    'd2                               
  parent sequence (name)       string           4     rseq                              
  parent sequence (full name)  string           34    uvm_test_top.env.m_agent.seqr.rseq
  sequencer                    string           29    uvm_test_top.env.m_agent.seqr     
----------------------------------------------------------------------------------------
UVM_INFO axi_scoreboard.sv(111) @ 17995000: uvm_test_top.env.sb [axi_scoreboard] READ PASS @0x0000034c
UVM_INFO slave_monitor.sv(296) @ 17995000: uvm_test_top.env.s_agent.mon [slave_monitor] READ Transaction Captured
----------------------------------------------------------------------------------------
Name                           Type             Size  Value                             
----------------------------------------------------------------------------------------
req                            axi_transaction  -     @5679                             
  begin_time                   time             64    17995000                          
  depth                        int              32    'd2                               
  parent sequence (name)       string           4     wseq                              
  parent sequence (full name)  string           34    uvm_test_top.env.m_agent.seqr.wseq
  sequencer                    string           29    uvm_test_top.env.m_agent.seqr     
----------------------------------------------------------------------------------------
UVM_INFO slave_driver.sv(128) @ 18015000: uvm_test_top.env.s_agent.drv [slave_driver] SLAVE AW captured: AWLEN=14 AWADDR=00000240
UVM_INFO axi_scoreboard.sv(73) @ 18335000: uvm_test_top.env.sb [axi_scoreboard] WRITE stored @0x00000240
UVM_INFO slave_monitor.sv(193) @ 18335000: uvm_test_top.env.s_agent.mon [slave_monitor] WRITE Transaction Captured
----------------------------------------------------------------------------------------
Name                           Type             Size  Value                             
----------------------------------------------------------------------------------------
req                            axi_transaction  -     @5607                             
  begin_time                   time             64    18335000                          
  depth                        int              32    'd2                               
  parent sequence (name)       string           4     rseq                              
  parent sequence (full name)  string           34    uvm_test_top.env.m_agent.seqr.rseq
  sequencer                    string           29    uvm_test_top.env.m_agent.seqr     
----------------------------------------------------------------------------------------
UVM_INFO axi_scoreboard.sv(111) @ 18505000: uvm_test_top.env.sb [axi_scoreboard] READ PASS @0x00000084
UVM_INFO slave_monitor.sv(296) @ 18505000: uvm_test_top.env.s_agent.mon [slave_monitor] READ Transaction Captured
----------------------------------------------------------------------------------------
Name                           Type             Size  Value                             
----------------------------------------------------------------------------------------
req                            axi_transaction  -     @5711                             
  begin_time                   time             64    18505000                          
  depth                        int              32    'd2                               
  parent sequence (name)       string           4     wseq                              
  parent sequence (full name)  string           34    uvm_test_top.env.m_agent.seqr.wseq
  sequencer                    string           29    uvm_test_top.env.m_agent.seqr     
----------------------------------------------------------------------------------------
UVM_INFO slave_driver.sv(128) @ 18525000: uvm_test_top.env.s_agent.drv [slave_driver] SLAVE AW captured: AWLEN=15 AWADDR=00000168
UVM_INFO axi_scoreboard.sv(73) @ 18945000: uvm_test_top.env.sb [axi_scoreboard] WRITE stored @0x00000168
UVM_INFO slave_monitor.sv(193) @ 18945000: uvm_test_top.env.s_agent.mon [slave_monitor] WRITE Transaction Captured
----------------------------------------------------------------------------------------
Name                           Type             Size  Value                             
----------------------------------------------------------------------------------------
req                            axi_transaction  -     @5639                             
  begin_time                   time             64    18945000                          
  depth                        int              32    'd2                               
  parent sequence (name)       string           4     rseq                              
  parent sequence (full name)  string           34    uvm_test_top.env.m_agent.seqr.rseq
  sequencer                    string           29    uvm_test_top.env.m_agent.seqr     
----------------------------------------------------------------------------------------
UVM_INFO axi_scoreboard.sv(111) @ 19035000: uvm_test_top.env.sb [axi_scoreboard] READ PASS @0x000002c6
UVM_INFO slave_monitor.sv(296) @ 19035000: uvm_test_top.env.s_agent.mon [slave_monitor] READ Transaction Captured
----------------------------------------------------------------------------------------
Name                           Type             Size  Value                             
----------------------------------------------------------------------------------------
req                            axi_transaction  -     @5743                             
  begin_time                   time             64    19035000                          
  depth                        int              32    'd2                               
  parent sequence (name)       string           4     wseq                              
  parent sequence (full name)  string           34    uvm_test_top.env.m_agent.seqr.wseq
  sequencer                    string           29    uvm_test_top.env.m_agent.seqr     
----------------------------------------------------------------------------------------
UVM_INFO slave_driver.sv(128) @ 19055000: uvm_test_top.env.s_agent.drv [slave_driver] SLAVE AW captured: AWLEN=12 AWADDR=00000380
UVM_INFO axi_scoreboard.sv(73) @ 19425000: uvm_test_top.env.sb [axi_scoreboard] WRITE stored @0x00000380
UVM_INFO slave_monitor.sv(193) @ 19425000: uvm_test_top.env.s_agent.mon [slave_monitor] WRITE Transaction Captured
----------------------------------------------------------------------------------------
Name                           Type             Size  Value                             
----------------------------------------------------------------------------------------
req                            axi_transaction  -     @5671                             
  begin_time                   time             64    19425000                          
  depth                        int              32    'd2                               
  parent sequence (name)       string           4     rseq                              
  parent sequence (full name)  string           34    uvm_test_top.env.m_agent.seqr.rseq
  sequencer                    string           29    uvm_test_top.env.m_agent.seqr     
----------------------------------------------------------------------------------------
UVM_INFO axi_scoreboard.sv(111) @ 19535000: uvm_test_top.env.sb [axi_scoreboard] READ PASS @0x00000290
UVM_INFO slave_monitor.sv(296) @ 19535000: uvm_test_top.env.s_agent.mon [slave_monitor] READ Transaction Captured
----------------------------------------------------------------------------------------
Name                           Type             Size  Value                             
----------------------------------------------------------------------------------------
req                            axi_transaction  -     @5775                             
  begin_time                   time             64    19535000                          
  depth                        int              32    'd2                               
  parent sequence (name)       string           4     wseq                              
  parent sequence (full name)  string           34    uvm_test_top.env.m_agent.seqr.wseq
  sequencer                    string           29    uvm_test_top.env.m_agent.seqr     
----------------------------------------------------------------------------------------
UVM_INFO slave_driver.sv(128) @ 19555000: uvm_test_top.env.s_agent.drv [slave_driver] SLAVE AW captured: AWLEN=10 AWADDR=00000128
UVM_INFO axi_scoreboard.sv(73) @ 19835000: uvm_test_top.env.sb [axi_scoreboard] WRITE stored @0x00000128
UVM_INFO slave_monitor.sv(193) @ 19835000: uvm_test_top.env.s_agent.mon [slave_monitor] WRITE Transaction Captured
----------------------------------------------------------------------------------------
Name                           Type             Size  Value                             
----------------------------------------------------------------------------------------
req                            axi_transaction  -     @5703                             
  begin_time                   time             64    19835000                          
  depth                        int              32    'd2                               
  parent sequence (name)       string           4     rseq                              
  parent sequence (full name)  string           34    uvm_test_top.env.m_agent.seqr.rseq
  sequencer                    string           29    uvm_test_top.env.m_agent.seqr     
----------------------------------------------------------------------------------------
UVM_INFO axi_scoreboard.sv(111) @ 19955000: uvm_test_top.env.sb [axi_scoreboard] READ PASS @0x0000026a
UVM_INFO slave_monitor.sv(296) @ 19955000: uvm_test_top.env.s_agent.mon [slave_monitor] READ Transaction Captured
----------------------------------------------------------------------------------------
Name                           Type             Size  Value                             
----------------------------------------------------------------------------------------
req                            axi_transaction  -     @5807                             
  begin_time                   time             64    19955000                          
  depth                        int              32    'd2                               
  parent sequence (name)       string           4     wseq                              
  parent sequence (full name)  string           34    uvm_test_top.env.m_agent.seqr.wseq
  sequencer                    string           29    uvm_test_top.env.m_agent.seqr     
----------------------------------------------------------------------------------------
UVM_INFO slave_driver.sv(128) @ 19975000: uvm_test_top.env.s_agent.drv [slave_driver] SLAVE AW captured: AWLEN=12 AWADDR=00000202
UVM_INFO axi_scoreboard.sv(73) @ 20245000: uvm_test_top.env.sb [axi_scoreboard] WRITE stored @0x00000202
UVM_INFO slave_monitor.sv(193) @ 20245000: uvm_test_top.env.s_agent.mon [slave_monitor] WRITE Transaction Captured
----------------------------------------------------------------------------------------
Name                           Type             Size  Value                             
----------------------------------------------------------------------------------------
req                            axi_transaction  -     @5735                             
  begin_time                   time             64    20245000                          
  depth                        int              32    'd2                               
  parent sequence (name)       string           4     rseq                              
  parent sequence (full name)  string           34    uvm_test_top.env.m_agent.seqr.rseq
  sequencer                    string           29    uvm_test_top.env.m_agent.seqr     
----------------------------------------------------------------------------------------
UVM_INFO axi_scoreboard.sv(111) @ 20355000: uvm_test_top.env.sb [axi_scoreboard] READ PASS @0x00000390
UVM_INFO slave_monitor.sv(296) @ 20355000: uvm_test_top.env.s_agent.mon [slave_monitor] READ Transaction Captured
----------------------------------------------------------------------------------------
Name                           Type             Size  Value                             
----------------------------------------------------------------------------------------
req                            axi_transaction  -     @5839                             
  begin_time                   time             64    20355000                          
  depth                        int              32    'd2                               
  parent sequence (name)       string           4     wseq                              
  parent sequence (full name)  string           34    uvm_test_top.env.m_agent.seqr.wseq
  sequencer                    string           29    uvm_test_top.env.m_agent.seqr     
----------------------------------------------------------------------------------------
UVM_INFO slave_driver.sv(128) @ 20375000: uvm_test_top.env.s_agent.drv [slave_driver] SLAVE AW captured: AWLEN=10 AWADDR=00000106
UVM_INFO axi_scoreboard.sv(73) @ 20705000: uvm_test_top.env.sb [axi_scoreboard] WRITE stored @0x00000106
UVM_INFO slave_monitor.sv(193) @ 20705000: uvm_test_top.env.s_agent.mon [slave_monitor] WRITE Transaction Captured
----------------------------------------------------------------------------------------
Name                           Type             Size  Value                             
----------------------------------------------------------------------------------------
req                            axi_transaction  -     @5767                             
  begin_time                   time             64    20705000                          
  depth                        int              32    'd2                               
  parent sequence (name)       string           4     rseq                              
  parent sequence (full name)  string           34    uvm_test_top.env.m_agent.seqr.rseq
  sequencer                    string           29    uvm_test_top.env.m_agent.seqr     
----------------------------------------------------------------------------------------
UVM_INFO axi_scoreboard.sv(111) @ 20825000: uvm_test_top.env.sb [axi_scoreboard] READ PASS @0x000000b0
UVM_INFO slave_monitor.sv(296) @ 20825000: uvm_test_top.env.s_agent.mon [slave_monitor] READ Transaction Captured
----------------------------------------------------------------------------------------
Name                           Type             Size  Value                             
----------------------------------------------------------------------------------------
req                            axi_transaction  -     @5871                             
  begin_time                   time             64    20825000                          
  depth                        int              32    'd2                               
  parent sequence (name)       string           4     wseq                              
  parent sequence (full name)  string           34    uvm_test_top.env.m_agent.seqr.wseq
  sequencer                    string           29    uvm_test_top.env.m_agent.seqr     
----------------------------------------------------------------------------------------
UVM_INFO slave_driver.sv(128) @ 20845000: uvm_test_top.env.s_agent.drv [slave_driver] SLAVE AW captured: AWLEN=2 AWADDR=000002e6
UVM_INFO axi_scoreboard.sv(73) @ 20905000: uvm_test_top.env.sb [axi_scoreboard] WRITE stored @0x000002e6
UVM_INFO slave_monitor.sv(193) @ 20905000: uvm_test_top.env.s_agent.mon [slave_monitor] WRITE Transaction Captured
----------------------------------------------------------------------------------------
Name                           Type             Size  Value                             
----------------------------------------------------------------------------------------
req                            axi_transaction  -     @5799                             
  begin_time                   time             64    20905000                          
  depth                        int              32    'd2                               
  parent sequence (name)       string           4     rseq                              
  parent sequence (full name)  string           34    uvm_test_top.env.m_agent.seqr.rseq
  sequencer                    string           29    uvm_test_top.env.m_agent.seqr     
----------------------------------------------------------------------------------------
UVM_INFO axi_scoreboard.sv(111) @ 20945000: uvm_test_top.env.sb [axi_scoreboard] READ PASS @0x00000183
UVM_INFO slave_monitor.sv(296) @ 20945000: uvm_test_top.env.s_agent.mon [slave_monitor] READ Transaction Captured
----------------------------------------------------------------------------------------
Name                           Type             Size  Value                             
----------------------------------------------------------------------------------------
req                            axi_transaction  -     @5903                             
  begin_time                   time             64    20945000                          
  depth                        int              32    'd2                               
  parent sequence (name)       string           4     wseq                              
  parent sequence (full name)  string           34    uvm_test_top.env.m_agent.seqr.wseq
  sequencer                    string           29    uvm_test_top.env.m_agent.seqr     
----------------------------------------------------------------------------------------
UVM_INFO slave_driver.sv(128) @ 20965000: uvm_test_top.env.s_agent.drv [slave_driver] SLAVE AW captured: AWLEN=5 AWADDR=000002ed
UVM_INFO axi_scoreboard.sv(73) @ 21145000: uvm_test_top.env.sb [axi_scoreboard] WRITE stored @0x000002ed
UVM_INFO slave_monitor.sv(193) @ 21145000: uvm_test_top.env.s_agent.mon [slave_monitor] WRITE Transaction Captured
----------------------------------------------------------------------------------------
Name                           Type             Size  Value                             
----------------------------------------------------------------------------------------
req                            axi_transaction  -     @5831                             
  begin_time                   time             64    21145000                          
  depth                        int              32    'd2                               
  parent sequence (name)       string           4     rseq                              
  parent sequence (full name)  string           34    uvm_test_top.env.m_agent.seqr.rseq
  sequencer                    string           29    uvm_test_top.env.m_agent.seqr     
----------------------------------------------------------------------------------------
UVM_INFO axi_scoreboard.sv(111) @ 21195000: uvm_test_top.env.sb [axi_scoreboard] READ PASS @0x000000cf
UVM_INFO slave_monitor.sv(296) @ 21195000: uvm_test_top.env.s_agent.mon [slave_monitor] READ Transaction Captured
----------------------------------------------------------------------------------------
Name                           Type             Size  Value                             
----------------------------------------------------------------------------------------
req                            axi_transaction  -     @5935                             
  begin_time                   time             64    21195000                          
  depth                        int              32    'd2                               
  parent sequence (name)       string           4     wseq                              
  parent sequence (full name)  string           34    uvm_test_top.env.m_agent.seqr.wseq
  sequencer                    string           29    uvm_test_top.env.m_agent.seqr     
----------------------------------------------------------------------------------------
UVM_INFO slave_driver.sv(128) @ 21215000: uvm_test_top.env.s_agent.drv [slave_driver] SLAVE AW captured: AWLEN=13 AWADDR=00000129
UVM_INFO axi_scoreboard.sv(73) @ 21615000: uvm_test_top.env.sb [axi_scoreboard] WRITE stored @0x00000129
UVM_INFO slave_monitor.sv(193) @ 21615000: uvm_test_top.env.s_agent.mon [slave_monitor] WRITE Transaction Captured
----------------------------------------------------------------------------------------
Name                           Type             Size  Value                             
----------------------------------------------------------------------------------------
req                            axi_transaction  -     @5863                             
  begin_time                   time             64    21615000                          
  depth                        int              32    'd2                               
  parent sequence (name)       string           4     rseq                              
  parent sequence (full name)  string           34    uvm_test_top.env.m_agent.seqr.rseq
  sequencer                    string           29    uvm_test_top.env.m_agent.seqr     
----------------------------------------------------------------------------------------
UVM_INFO axi_scoreboard.sv(111) @ 21735000: uvm_test_top.env.sb [axi_scoreboard] READ PASS @0x0000030c
UVM_INFO slave_monitor.sv(296) @ 21735000: uvm_test_top.env.s_agent.mon [slave_monitor] READ Transaction Captured
----------------------------------------------------------------------------------------
Name                           Type             Size  Value                             
----------------------------------------------------------------------------------------
req                            axi_transaction  -     @5967                             
  begin_time                   time             64    21735000                          
  depth                        int              32    'd2                               
  parent sequence (name)       string           4     wseq                              
  parent sequence (full name)  string           34    uvm_test_top.env.m_agent.seqr.wseq
  sequencer                    string           29    uvm_test_top.env.m_agent.seqr     
----------------------------------------------------------------------------------------
UVM_INFO slave_driver.sv(128) @ 21755000: uvm_test_top.env.s_agent.drv [slave_driver] SLAVE AW captured: AWLEN=4 AWADDR=00000188
UVM_INFO axi_scoreboard.sv(73) @ 21945000: uvm_test_top.env.sb [axi_scoreboard] WRITE stored @0x00000188
UVM_INFO slave_monitor.sv(193) @ 21945000: uvm_test_top.env.s_agent.mon [slave_monitor] WRITE Transaction Captured
----------------------------------------------------------------------------------------
Name                           Type             Size  Value                             
----------------------------------------------------------------------------------------
req                            axi_transaction  -     @5895                             
  begin_time                   time             64    21945000                          
  depth                        int              32    'd2                               
  parent sequence (name)       string           4     rseq                              
  parent sequence (full name)  string           34    uvm_test_top.env.m_agent.seqr.rseq
  sequencer                    string           29    uvm_test_top.env.m_agent.seqr     
----------------------------------------------------------------------------------------
UVM_INFO axi_scoreboard.sv(111) @ 22015000: uvm_test_top.env.sb [axi_scoreboard] READ PASS @0x0000002c
UVM_INFO slave_monitor.sv(296) @ 22015000: uvm_test_top.env.s_agent.mon [slave_monitor] READ Transaction Captured
----------------------------------------------------------------------------------------
Name                           Type             Size  Value                             
----------------------------------------------------------------------------------------
req                            axi_transaction  -     @5999                             
  begin_time                   time             64    22015000                          
  depth                        int              32    'd2                               
  parent sequence (name)       string           4     wseq                              
  parent sequence (full name)  string           34    uvm_test_top.env.m_agent.seqr.wseq
  sequencer                    string           29    uvm_test_top.env.m_agent.seqr     
----------------------------------------------------------------------------------------
UVM_INFO slave_driver.sv(128) @ 22035000: uvm_test_top.env.s_agent.drv [slave_driver] SLAVE AW captured: AWLEN=12 AWADDR=00000020
UVM_INFO axi_scoreboard.sv(73) @ 22395000: uvm_test_top.env.sb [axi_scoreboard] WRITE stored @0x00000020
UVM_INFO slave_monitor.sv(193) @ 22395000: uvm_test_top.env.s_agent.mon [slave_monitor] WRITE Transaction Captured
----------------------------------------------------------------------------------------
Name                           Type             Size  Value                             
----------------------------------------------------------------------------------------
req                            axi_transaction  -     @5927                             
  begin_time                   time             64    22395000                          
  depth                        int              32    'd2                               
  parent sequence (name)       string           4     rseq                              
  parent sequence (full name)  string           34    uvm_test_top.env.m_agent.seqr.rseq
  sequencer                    string           29    uvm_test_top.env.m_agent.seqr     
----------------------------------------------------------------------------------------
UVM_INFO axi_scoreboard.sv(111) @ 22495000: uvm_test_top.env.sb [axi_scoreboard] READ PASS @0x000003d4
UVM_INFO slave_monitor.sv(296) @ 22495000: uvm_test_top.env.s_agent.mon [slave_monitor] READ Transaction Captured
----------------------------------------------------------------------------------------
Name                           Type             Size  Value                             
----------------------------------------------------------------------------------------
req                            axi_transaction  -     @6031                             
  begin_time                   time             64    22495000                          
  depth                        int              32    'd2                               
  parent sequence (name)       string           4     wseq                              
  parent sequence (full name)  string           34    uvm_test_top.env.m_agent.seqr.wseq
  sequencer                    string           29    uvm_test_top.env.m_agent.seqr     
----------------------------------------------------------------------------------------
UVM_INFO slave_driver.sv(128) @ 22515000: uvm_test_top.env.s_agent.drv [slave_driver] SLAVE AW captured: AWLEN=12 AWADDR=000002b0
UVM_INFO axi_scoreboard.sv(73) @ 22825000: uvm_test_top.env.sb [axi_scoreboard] WRITE stored @0x000002b0
UVM_INFO slave_monitor.sv(193) @ 22825000: uvm_test_top.env.s_agent.mon [slave_monitor] WRITE Transaction Captured
----------------------------------------------------------------------------------------
Name                           Type             Size  Value                             
----------------------------------------------------------------------------------------
req                            axi_transaction  -     @5959                             
  begin_time                   time             64    22825000                          
  depth                        int              32    'd2                               
  parent sequence (name)       string           4     rseq                              
  parent sequence (full name)  string           34    uvm_test_top.env.m_agent.seqr.rseq
  sequencer                    string           29    uvm_test_top.env.m_agent.seqr     
----------------------------------------------------------------------------------------
UVM_INFO axi_scoreboard.sv(111) @ 22875000: uvm_test_top.env.sb [axi_scoreboard] READ PASS @0x00000314
UVM_INFO slave_monitor.sv(296) @ 22875000: uvm_test_top.env.s_agent.mon [slave_monitor] READ Transaction Captured
----------------------------------------------------------------------------------------
Name                           Type             Size  Value                             
----------------------------------------------------------------------------------------
req                            axi_transaction  -     @6063                             
  begin_time                   time             64    22875000                          
  depth                        int              32    'd2                               
  parent sequence (name)       string           4     wseq                              
  parent sequence (full name)  string           34    uvm_test_top.env.m_agent.seqr.wseq
  sequencer                    string           29    uvm_test_top.env.m_agent.seqr     
----------------------------------------------------------------------------------------
UVM_INFO slave_driver.sv(128) @ 22895000: uvm_test_top.env.s_agent.drv [slave_driver] SLAVE AW captured: AWLEN=0 AWADDR=000003f8
UVM_INFO axi_scoreboard.sv(73) @ 22925000: uvm_test_top.env.sb [axi_scoreboard] WRITE stored @0x000003f8
UVM_INFO slave_monitor.sv(193) @ 22925000: uvm_test_top.env.s_agent.mon [slave_monitor] WRITE Transaction Captured
----------------------------------------------------------------------------------------
Name                           Type             Size  Value                             
----------------------------------------------------------------------------------------
req                            axi_transaction  -     @5991                             
  begin_time                   time             64    22925000                          
  depth                        int              32    'd2                               
  parent sequence (name)       string           4     rseq                              
  parent sequence (full name)  string           34    uvm_test_top.env.m_agent.seqr.rseq
  sequencer                    string           29    uvm_test_top.env.m_agent.seqr     
----------------------------------------------------------------------------------------
UVM_INFO axi_scoreboard.sv(111) @ 23105000: uvm_test_top.env.sb [axi_scoreboard] READ PASS @0x00000061
UVM_INFO slave_monitor.sv(296) @ 23105000: uvm_test_top.env.s_agent.mon [slave_monitor] READ Transaction Captured
----------------------------------------------------------------------------------------
Name                           Type             Size  Value                             
----------------------------------------------------------------------------------------
req                            axi_transaction  -     @6095                             
  begin_time                   time             64    23105000                          
  depth                        int              32    'd2                               
  parent sequence (name)       string           4     wseq                              
  parent sequence (full name)  string           34    uvm_test_top.env.m_agent.seqr.wseq
  sequencer                    string           29    uvm_test_top.env.m_agent.seqr     
----------------------------------------------------------------------------------------
UVM_INFO slave_driver.sv(128) @ 23125000: uvm_test_top.env.s_agent.drv [slave_driver] SLAVE AW captured: AWLEN=0 AWADDR=00000267
UVM_INFO axi_scoreboard.sv(73) @ 23185000: uvm_test_top.env.sb [axi_scoreboard] WRITE stored @0x00000267
UVM_INFO slave_monitor.sv(193) @ 23185000: uvm_test_top.env.s_agent.mon [slave_monitor] WRITE Transaction Captured
----------------------------------------------------------------------------------------
Name                           Type             Size  Value                             
----------------------------------------------------------------------------------------
req                            axi_transaction  -     @6023                             
  begin_time                   time             64    23185000                          
  depth                        int              32    'd2                               
  parent sequence (name)       string           4     rseq                              
  parent sequence (full name)  string           34    uvm_test_top.env.m_agent.seqr.rseq
  sequencer                    string           29    uvm_test_top.env.m_agent.seqr     
----------------------------------------------------------------------------------------
UVM_INFO axi_scoreboard.sv(111) @ 23215000: uvm_test_top.env.sb [axi_scoreboard] READ PASS @0x00000304
UVM_INFO slave_monitor.sv(296) @ 23215000: uvm_test_top.env.s_agent.mon [slave_monitor] READ Transaction Captured
----------------------------------------------------------------------------------------
Name                           Type             Size  Value                             
----------------------------------------------------------------------------------------
req                            axi_transaction  -     @6127                             
  begin_time                   time             64    23215000                          
  depth                        int              32    'd2                               
  parent sequence (name)       string           4     wseq                              
  parent sequence (full name)  string           34    uvm_test_top.env.m_agent.seqr.wseq
  sequencer                    string           29    uvm_test_top.env.m_agent.seqr     
----------------------------------------------------------------------------------------
UVM_INFO slave_driver.sv(128) @ 23235000: uvm_test_top.env.s_agent.drv [slave_driver] SLAVE AW captured: AWLEN=0 AWADDR=0000012c
UVM_INFO axi_scoreboard.sv(73) @ 23275000: uvm_test_top.env.sb [axi_scoreboard] WRITE stored @0x0000012c
UVM_INFO slave_monitor.sv(193) @ 23275000: uvm_test_top.env.s_agent.mon [slave_monitor] WRITE Transaction Captured
----------------------------------------------------------------------------------------
Name                           Type             Size  Value                             
----------------------------------------------------------------------------------------
req                            axi_transaction  -     @6055                             
  begin_time                   time             64    23275000                          
  depth                        int              32    'd2                               
  parent sequence (name)       string           4     rseq                              
  parent sequence (full name)  string           34    uvm_test_top.env.m_agent.seqr.rseq
  sequencer                    string           29    uvm_test_top.env.m_agent.seqr     
----------------------------------------------------------------------------------------
UVM_INFO axi_scoreboard.sv(111) @ 23435000: uvm_test_top.env.sb [axi_scoreboard] READ PASS @0x00000170
UVM_INFO slave_monitor.sv(296) @ 23435000: uvm_test_top.env.s_agent.mon [slave_monitor] READ Transaction Captured
----------------------------------------------------------------------------------------
Name                           Type             Size  Value                             
----------------------------------------------------------------------------------------
req                            axi_transaction  -     @6159                             
  begin_time                   time             64    23435000                          
  depth                        int              32    'd2                               
  parent sequence (name)       string           4     wseq                              
  parent sequence (full name)  string           34    uvm_test_top.env.m_agent.seqr.wseq
  sequencer                    string           29    uvm_test_top.env.m_agent.seqr     
----------------------------------------------------------------------------------------
UVM_INFO slave_driver.sv(128) @ 23455000: uvm_test_top.env.s_agent.drv [slave_driver] SLAVE AW captured: AWLEN=0 AWADDR=00000030
UVM_INFO axi_scoreboard.sv(73) @ 23495000: uvm_test_top.env.sb [axi_scoreboard] WRITE stored @0x00000030
UVM_INFO slave_monitor.sv(193) @ 23495000: uvm_test_top.env.s_agent.mon [slave_monitor] WRITE Transaction Captured
----------------------------------------------------------------------------------------
Name                           Type             Size  Value                             
----------------------------------------------------------------------------------------
req                            axi_transaction  -     @6087                             
  begin_time                   time             64    23495000                          
  depth                        int              32    'd2                               
  parent sequence (name)       string           4     rseq                              
  parent sequence (full name)  string           34    uvm_test_top.env.m_agent.seqr.rseq
  sequencer                    string           29    uvm_test_top.env.m_agent.seqr     
----------------------------------------------------------------------------------------
UVM_INFO axi_scoreboard.sv(111) @ 23645000: uvm_test_top.env.sb [axi_scoreboard] READ PASS @0x00000348
UVM_INFO slave_monitor.sv(296) @ 23645000: uvm_test_top.env.s_agent.mon [slave_monitor] READ Transaction Captured
----------------------------------------------------------------------------------------
Name                           Type             Size  Value                             
----------------------------------------------------------------------------------------
req                            axi_transaction  -     @6191                             
  begin_time                   time             64    23645000                          
  depth                        int              32    'd2                               
  parent sequence (name)       string           4     wseq                              
  parent sequence (full name)  string           34    uvm_test_top.env.m_agent.seqr.wseq
  sequencer                    string           29    uvm_test_top.env.m_agent.seqr     
----------------------------------------------------------------------------------------
UVM_INFO slave_driver.sv(128) @ 23665000: uvm_test_top.env.s_agent.drv [slave_driver] SLAVE AW captured: AWLEN=6 AWADDR=000002a6
UVM_INFO axi_scoreboard.sv(73) @ 23835000: uvm_test_top.env.sb [axi_scoreboard] WRITE stored @0x000002a6
UVM_INFO slave_monitor.sv(193) @ 23835000: uvm_test_top.env.s_agent.mon [slave_monitor] WRITE Transaction Captured
----------------------------------------------------------------------------------------
Name                           Type             Size  Value                             
----------------------------------------------------------------------------------------
req                            axi_transaction  -     @6119                             
  begin_time                   time             64    23835000                          
  depth                        int              32    'd2                               
  parent sequence (name)       string           4     rseq                              
  parent sequence (full name)  string           34    uvm_test_top.env.m_agent.seqr.rseq
  sequencer                    string           29    uvm_test_top.env.m_agent.seqr     
----------------------------------------------------------------------------------------
UVM_INFO axi_scoreboard.sv(111) @ 23895000: uvm_test_top.env.sb [axi_scoreboard] READ PASS @0x00000110
UVM_INFO slave_monitor.sv(296) @ 23895000: uvm_test_top.env.s_agent.mon [slave_monitor] READ Transaction Captured
----------------------------------------------------------------------------------------
Name                           Type             Size  Value                             
----------------------------------------------------------------------------------------
req                            axi_transaction  -     @6223                             
  begin_time                   time             64    23895000                          
  depth                        int              32    'd2                               
  parent sequence (name)       string           4     wseq                              
  parent sequence (full name)  string           34    uvm_test_top.env.m_agent.seqr.wseq
  sequencer                    string           29    uvm_test_top.env.m_agent.seqr     
----------------------------------------------------------------------------------------
UVM_INFO slave_driver.sv(128) @ 23915000: uvm_test_top.env.s_agent.drv [slave_driver] SLAVE AW captured: AWLEN=1 AWADDR=000003fa
UVM_INFO axi_scoreboard.sv(73) @ 24005000: uvm_test_top.env.sb [axi_scoreboard] WRITE stored @0x000003fa
UVM_INFO slave_monitor.sv(193) @ 24005000: uvm_test_top.env.s_agent.mon [slave_monitor] WRITE Transaction Captured
----------------------------------------------------------------------------------------
Name                           Type             Size  Value                             
----------------------------------------------------------------------------------------
req                            axi_transaction  -     @6151                             
  begin_time                   time             64    24005000                          
  depth                        int              32    'd2                               
  parent sequence (name)       string           4     rseq                              
  parent sequence (full name)  string           34    uvm_test_top.env.m_agent.seqr.rseq
  sequencer                    string           29    uvm_test_top.env.m_agent.seqr     
----------------------------------------------------------------------------------------
UVM_INFO axi_scoreboard.sv(111) @ 24065000: uvm_test_top.env.sb [axi_scoreboard] READ PASS @0x000003ba
UVM_INFO slave_monitor.sv(296) @ 24065000: uvm_test_top.env.s_agent.mon [slave_monitor] READ Transaction Captured
----------------------------------------------------------------------------------------
Name                           Type             Size  Value                             
----------------------------------------------------------------------------------------
req                            axi_transaction  -     @6255                             
  begin_time                   time             64    24065000                          
  depth                        int              32    'd2                               
  parent sequence (name)       string           4     wseq                              
  parent sequence (full name)  string           34    uvm_test_top.env.m_agent.seqr.wseq
  sequencer                    string           29    uvm_test_top.env.m_agent.seqr     
----------------------------------------------------------------------------------------
UVM_INFO slave_driver.sv(128) @ 24085000: uvm_test_top.env.s_agent.drv [slave_driver] SLAVE AW captured: AWLEN=12 AWADDR=000003d4
UVM_INFO axi_scoreboard.sv(73) @ 24485000: uvm_test_top.env.sb [axi_scoreboard] WRITE stored @0x000003d4
UVM_INFO slave_monitor.sv(193) @ 24485000: uvm_test_top.env.s_agent.mon [slave_monitor] WRITE Transaction Captured
----------------------------------------------------------------------------------------
Name                           Type             Size  Value                             
----------------------------------------------------------------------------------------
req                            axi_transaction  -     @6183                             
  begin_time                   time             64    24485000                          
  depth                        int              32    'd2                               
  parent sequence (name)       string           4     rseq                              
  parent sequence (full name)  string           34    uvm_test_top.env.m_agent.seqr.rseq
  sequencer                    string           29    uvm_test_top.env.m_agent.seqr     
----------------------------------------------------------------------------------------
UVM_INFO axi_scoreboard.sv(111) @ 24605000: uvm_test_top.env.sb [axi_scoreboard] READ PASS @0x00000398
UVM_INFO slave_monitor.sv(296) @ 24605000: uvm_test_top.env.s_agent.mon [slave_monitor] READ Transaction Captured
----------------------------------------------------------------------------------------
Name                           Type             Size  Value                             
----------------------------------------------------------------------------------------
req                            axi_transaction  -     @6287                             
  begin_time                   time             64    24605000                          
  depth                        int              32    'd2                               
  parent sequence (name)       string           4     wseq                              
  parent sequence (full name)  string           34    uvm_test_top.env.m_agent.seqr.wseq
  sequencer                    string           29    uvm_test_top.env.m_agent.seqr     
----------------------------------------------------------------------------------------
UVM_INFO slave_driver.sv(128) @ 24625000: uvm_test_top.env.s_agent.drv [slave_driver] SLAVE AW captured: AWLEN=2 AWADDR=00000028
UVM_INFO axi_scoreboard.sv(73) @ 24735000: uvm_test_top.env.sb [axi_scoreboard] WRITE stored @0x00000028
UVM_INFO slave_monitor.sv(193) @ 24735000: uvm_test_top.env.s_agent.mon [slave_monitor] WRITE Transaction Captured
----------------------------------------------------------------------------------------
Name                           Type             Size  Value                             
----------------------------------------------------------------------------------------
req                            axi_transaction  -     @6215                             
  begin_time                   time             64    24735000                          
  depth                        int              32    'd2                               
  parent sequence (name)       string           4     rseq                              
  parent sequence (full name)  string           34    uvm_test_top.env.m_agent.seqr.rseq
  sequencer                    string           29    uvm_test_top.env.m_agent.seqr     
----------------------------------------------------------------------------------------
UVM_INFO axi_scoreboard.sv(111) @ 24905000: uvm_test_top.env.sb [axi_scoreboard] READ PASS @0x00000338
UVM_INFO slave_monitor.sv(296) @ 24905000: uvm_test_top.env.s_agent.mon [slave_monitor] READ Transaction Captured
----------------------------------------------------------------------------------------
Name                           Type             Size  Value                             
----------------------------------------------------------------------------------------
req                            axi_transaction  -     @6319                             
  begin_time                   time             64    24905000                          
  depth                        int              32    'd2                               
  parent sequence (name)       string           4     wseq                              
  parent sequence (full name)  string           34    uvm_test_top.env.m_agent.seqr.wseq
  sequencer                    string           29    uvm_test_top.env.m_agent.seqr     
----------------------------------------------------------------------------------------
UVM_INFO slave_driver.sv(128) @ 24925000: uvm_test_top.env.s_agent.drv [slave_driver] SLAVE AW captured: AWLEN=8 AWADDR=00000078
UVM_INFO axi_scoreboard.sv(73) @ 25145000: uvm_test_top.env.sb [axi_scoreboard] WRITE stored @0x00000078
UVM_INFO slave_monitor.sv(193) @ 25145000: uvm_test_top.env.s_agent.mon [slave_monitor] WRITE Transaction Captured
----------------------------------------------------------------------------------------
Name                           Type             Size  Value                             
----------------------------------------------------------------------------------------
req                            axi_transaction  -     @6247                             
  begin_time                   time             64    25145000                          
  depth                        int              32    'd2                               
  parent sequence (name)       string           4     rseq                              
  parent sequence (full name)  string           34    uvm_test_top.env.m_agent.seqr.rseq
  sequencer                    string           29    uvm_test_top.env.m_agent.seqr     
----------------------------------------------------------------------------------------
UVM_INFO axi_scoreboard.sv(111) @ 25225000: uvm_test_top.env.sb [axi_scoreboard] READ PASS @0x00000388
UVM_INFO slave_monitor.sv(296) @ 25225000: uvm_test_top.env.s_agent.mon [slave_monitor] READ Transaction Captured
----------------------------------------------------------------------------------------
Name                           Type             Size  Value                             
----------------------------------------------------------------------------------------
req                            axi_transaction  -     @6351                             
  begin_time                   time             64    25225000                          
  depth                        int              32    'd2                               
  parent sequence (name)       string           4     wseq                              
  parent sequence (full name)  string           34    uvm_test_top.env.m_agent.seqr.wseq
  sequencer                    string           29    uvm_test_top.env.m_agent.seqr     
----------------------------------------------------------------------------------------
UVM_INFO slave_driver.sv(128) @ 25245000: uvm_test_top.env.s_agent.drv [slave_driver] SLAVE AW captured: AWLEN=7 AWADDR=00000370
UVM_INFO axi_scoreboard.sv(73) @ 25415000: uvm_test_top.env.sb [axi_scoreboard] WRITE stored @0x00000370
UVM_INFO slave_monitor.sv(193) @ 25415000: uvm_test_top.env.s_agent.mon [slave_monitor] WRITE Transaction Captured
----------------------------------------------------------------------------------------
Name                           Type             Size  Value                             
----------------------------------------------------------------------------------------
req                            axi_transaction  -     @6279                             
  begin_time                   time             64    25415000                          
  depth                        int              32    'd2                               
  parent sequence (name)       string           4     rseq                              
  parent sequence (full name)  string           34    uvm_test_top.env.m_agent.seqr.rseq
  sequencer                    string           29    uvm_test_top.env.m_agent.seqr     
----------------------------------------------------------------------------------------
UVM_INFO axi_scoreboard.sv(111) @ 25575000: uvm_test_top.env.sb [axi_scoreboard] READ PASS @0x00000298
UVM_INFO slave_monitor.sv(296) @ 25575000: uvm_test_top.env.s_agent.mon [slave_monitor] READ Transaction Captured
----------------------------------------------------------------------------------------
Name                           Type             Size  Value                             
----------------------------------------------------------------------------------------
req                            axi_transaction  -     @6383                             
  begin_time                   time             64    25575000                          
  depth                        int              32    'd2                               
  parent sequence (name)       string           4     wseq                              
  parent sequence (full name)  string           34    uvm_test_top.env.m_agent.seqr.wseq
  sequencer                    string           29    uvm_test_top.env.m_agent.seqr     
----------------------------------------------------------------------------------------
UVM_INFO slave_driver.sv(128) @ 25595000: uvm_test_top.env.s_agent.drv [slave_driver] SLAVE AW captured: AWLEN=12 AWADDR=000003c1
UVM_INFO axi_scoreboard.sv(73) @ 25955000: uvm_test_top.env.sb [axi_scoreboard] WRITE stored @0x000003c1
UVM_INFO slave_monitor.sv(193) @ 25955000: uvm_test_top.env.s_agent.mon [slave_monitor] WRITE Transaction Captured
----------------------------------------------------------------------------------------
Name                           Type             Size  Value                             
----------------------------------------------------------------------------------------
req                            axi_transaction  -     @6311                             
  begin_time                   time             64    25955000                          
  depth                        int              32    'd2                               
  parent sequence (name)       string           4     rseq                              
  parent sequence (full name)  string           34    uvm_test_top.env.m_agent.seqr.rseq
  sequencer                    string           29    uvm_test_top.env.m_agent.seqr     
----------------------------------------------------------------------------------------
UVM_INFO axi_scoreboard.sv(111) @ 26075000: uvm_test_top.env.sb [axi_scoreboard] READ PASS @0x000001a4
UVM_INFO slave_monitor.sv(296) @ 26075000: uvm_test_top.env.s_agent.mon [slave_monitor] READ Transaction Captured
----------------------------------------------------------------------------------------
Name                           Type             Size  Value                             
----------------------------------------------------------------------------------------
req                            axi_transaction  -     @6415                             
  begin_time                   time             64    26075000                          
  depth                        int              32    'd2                               
  parent sequence (name)       string           4     wseq                              
  parent sequence (full name)  string           34    uvm_test_top.env.m_agent.seqr.wseq
  sequencer                    string           29    uvm_test_top.env.m_agent.seqr     
----------------------------------------------------------------------------------------
UVM_INFO slave_driver.sv(128) @ 26095000: uvm_test_top.env.s_agent.drv [slave_driver] SLAVE AW captured: AWLEN=8 AWADDR=000001b1
UVM_INFO axi_scoreboard.sv(73) @ 26435000: uvm_test_top.env.sb [axi_scoreboard] WRITE stored @0x000001b1
UVM_INFO slave_monitor.sv(193) @ 26435000: uvm_test_top.env.s_agent.mon [slave_monitor] WRITE Transaction Captured
----------------------------------------------------------------------------------------
Name                           Type             Size  Value                             
----------------------------------------------------------------------------------------
req                            axi_transaction  -     @6343                             
  begin_time                   time             64    26435000                          
  depth                        int              32    'd2                               
  parent sequence (name)       string           4     rseq                              
  parent sequence (full name)  string           34    uvm_test_top.env.m_agent.seqr.rseq
  sequencer                    string           29    uvm_test_top.env.m_agent.seqr     
----------------------------------------------------------------------------------------
UVM_INFO axi_scoreboard.sv(111) @ 26535000: uvm_test_top.env.sb [axi_scoreboard] READ PASS @0x00000208
UVM_INFO slave_monitor.sv(296) @ 26535000: uvm_test_top.env.s_agent.mon [slave_monitor] READ Transaction Captured
----------------------------------------------------------------------------------------
Name                           Type             Size  Value                             
----------------------------------------------------------------------------------------
req                            axi_transaction  -     @6447                             
  begin_time                   time             64    26535000                          
  depth                        int              32    'd2                               
  parent sequence (name)       string           4     wseq                              
  parent sequence (full name)  string           34    uvm_test_top.env.m_agent.seqr.wseq
  sequencer                    string           29    uvm_test_top.env.m_agent.seqr     
----------------------------------------------------------------------------------------
UVM_INFO slave_driver.sv(128) @ 26555000: uvm_test_top.env.s_agent.drv [slave_driver] SLAVE AW captured: AWLEN=6 AWADDR=00000150
UVM_INFO axi_scoreboard.sv(73) @ 26785000: uvm_test_top.env.sb [axi_scoreboard] WRITE stored @0x00000150
UVM_INFO slave_monitor.sv(193) @ 26785000: uvm_test_top.env.s_agent.mon [slave_monitor] WRITE Transaction Captured
----------------------------------------------------------------------------------------
Name                           Type             Size  Value                             
----------------------------------------------------------------------------------------
req                            axi_transaction  -     @6375                             
  begin_time                   time             64    26785000                          
  depth                        int              32    'd2                               
  parent sequence (name)       string           4     rseq                              
  parent sequence (full name)  string           34    uvm_test_top.env.m_agent.seqr.rseq
  sequencer                    string           29    uvm_test_top.env.m_agent.seqr     
----------------------------------------------------------------------------------------
UVM_INFO axi_scoreboard.sv(111) @ 26845000: uvm_test_top.env.sb [axi_scoreboard] READ PASS @0x000001b0
UVM_INFO slave_monitor.sv(296) @ 26845000: uvm_test_top.env.s_agent.mon [slave_monitor] READ Transaction Captured
----------------------------------------------------------------------------------------
Name                           Type             Size  Value                             
----------------------------------------------------------------------------------------
req                            axi_transaction  -     @6479                             
  begin_time                   time             64    26845000                          
  depth                        int              32    'd2                               
  parent sequence (name)       string           4     wseq                              
  parent sequence (full name)  string           34    uvm_test_top.env.m_agent.seqr.wseq
  sequencer                    string           29    uvm_test_top.env.m_agent.seqr     
----------------------------------------------------------------------------------------
UVM_INFO slave_driver.sv(128) @ 26865000: uvm_test_top.env.s_agent.drv [slave_driver] SLAVE AW captured: AWLEN=6 AWADDR=0000018b
UVM_INFO axi_scoreboard.sv(73) @ 27105000: uvm_test_top.env.sb [axi_scoreboard] WRITE stored @0x0000018b
UVM_INFO slave_monitor.sv(193) @ 27105000: uvm_test_top.env.s_agent.mon [slave_monitor] WRITE Transaction Captured
----------------------------------------------------------------------------------------
Name                           Type             Size  Value                             
----------------------------------------------------------------------------------------
req                            axi_transaction  -     @6407                             
  begin_time                   time             64    27105000                          
  depth                        int              32    'd2                               
  parent sequence (name)       string           4     rseq                              
  parent sequence (full name)  string           34    uvm_test_top.env.m_agent.seqr.rseq
  sequencer                    string           29    uvm_test_top.env.m_agent.seqr     
----------------------------------------------------------------------------------------
UVM_INFO axi_scoreboard.sv(111) @ 27155000: uvm_test_top.env.sb [axi_scoreboard] READ PASS @0x0000036e
UVM_INFO slave_monitor.sv(296) @ 27155000: uvm_test_top.env.s_agent.mon [slave_monitor] READ Transaction Captured
----------------------------------------------------------------------------------------
Name                           Type             Size  Value                             
----------------------------------------------------------------------------------------
req                            axi_transaction  -     @6511                             
  begin_time                   time             64    27155000                          
  depth                        int              32    'd2                               
  parent sequence (name)       string           4     wseq                              
  parent sequence (full name)  string           34    uvm_test_top.env.m_agent.seqr.wseq
  sequencer                    string           29    uvm_test_top.env.m_agent.seqr     
----------------------------------------------------------------------------------------
UVM_INFO slave_driver.sv(128) @ 27175000: uvm_test_top.env.s_agent.drv [slave_driver] SLAVE AW captured: AWLEN=7 AWADDR=000001e0
UVM_INFO axi_scoreboard.sv(73) @ 27435000: uvm_test_top.env.sb [axi_scoreboard] WRITE stored @0x000001e0
UVM_INFO slave_monitor.sv(193) @ 27435000: uvm_test_top.env.s_agent.mon [slave_monitor] WRITE Transaction Captured
----------------------------------------------------------------------------------------
Name                           Type             Size  Value                             
----------------------------------------------------------------------------------------
req                            axi_transaction  -     @6439                             
  begin_time                   time             64    27435000                          
  depth                        int              32    'd2                               
  parent sequence (name)       string           4     rseq                              
  parent sequence (full name)  string           34    uvm_test_top.env.m_agent.seqr.rseq
  sequencer                    string           29    uvm_test_top.env.m_agent.seqr     
----------------------------------------------------------------------------------------
UVM_INFO axi_scoreboard.sv(111) @ 27505000: uvm_test_top.env.sb [axi_scoreboard] READ PASS @0x000000f0
UVM_INFO slave_monitor.sv(296) @ 27505000: uvm_test_top.env.s_agent.mon [slave_monitor] READ Transaction Captured
----------------------------------------------------------------------------------------
Name                           Type             Size  Value                             
----------------------------------------------------------------------------------------
req                            axi_transaction  -     @6543                             
  begin_time                   time             64    27505000                          
  depth                        int              32    'd2                               
  parent sequence (name)       string           4     wseq                              
  parent sequence (full name)  string           34    uvm_test_top.env.m_agent.seqr.wseq
  sequencer                    string           29    uvm_test_top.env.m_agent.seqr     
----------------------------------------------------------------------------------------
UVM_INFO slave_driver.sv(128) @ 27525000: uvm_test_top.env.s_agent.drv [slave_driver] SLAVE AW captured: AWLEN=6 AWADDR=00000143
UVM_INFO axi_scoreboard.sv(73) @ 27715000: uvm_test_top.env.sb [axi_scoreboard] WRITE stored @0x00000143
UVM_INFO slave_monitor.sv(193) @ 27715000: uvm_test_top.env.s_agent.mon [slave_monitor] WRITE Transaction Captured
----------------------------------------------------------------------------------------
Name                           Type             Size  Value                             
----------------------------------------------------------------------------------------
req                            axi_transaction  -     @6471                             
  begin_time                   time             64    27715000                          
  depth                        int              32    'd2                               
  parent sequence (name)       string           4     rseq                              
  parent sequence (full name)  string           34    uvm_test_top.env.m_agent.seqr.rseq
  sequencer                    string           29    uvm_test_top.env.m_agent.seqr     
----------------------------------------------------------------------------------------
UVM_INFO axi_scoreboard.sv(111) @ 27795000: uvm_test_top.env.sb [axi_scoreboard] READ PASS @0x00000350
UVM_INFO slave_monitor.sv(296) @ 27795000: uvm_test_top.env.s_agent.mon [slave_monitor] READ Transaction Captured
----------------------------------------------------------------------------------------
Name                           Type             Size  Value                             
----------------------------------------------------------------------------------------
req                            axi_transaction  -     @6575                             
  begin_time                   time             64    27795000                          
  depth                        int              32    'd2                               
  parent sequence (name)       string           4     wseq                              
  parent sequence (full name)  string           34    uvm_test_top.env.m_agent.seqr.wseq
  sequencer                    string           29    uvm_test_top.env.m_agent.seqr     
----------------------------------------------------------------------------------------
UVM_INFO slave_driver.sv(128) @ 27815000: uvm_test_top.env.s_agent.drv [slave_driver] SLAVE AW captured: AWLEN=10 AWADDR=00000230
UVM_INFO axi_scoreboard.sv(73) @ 28155000: uvm_test_top.env.sb [axi_scoreboard] WRITE stored @0x00000230
UVM_INFO slave_monitor.sv(193) @ 28155000: uvm_test_top.env.s_agent.mon [slave_monitor] WRITE Transaction Captured
----------------------------------------------------------------------------------------
Name                           Type             Size  Value                             
----------------------------------------------------------------------------------------
req                            axi_transaction  -     @6503                             
  begin_time                   time             64    28155000                          
  depth                        int              32    'd2                               
  parent sequence (name)       string           4     rseq                              
  parent sequence (full name)  string           34    uvm_test_top.env.m_agent.seqr.rseq
  sequencer                    string           29    uvm_test_top.env.m_agent.seqr     
----------------------------------------------------------------------------------------
UVM_INFO axi_scoreboard.sv(111) @ 28285000: uvm_test_top.env.sb [axi_scoreboard] READ PASS @0x00000340
UVM_INFO slave_monitor.sv(296) @ 28285000: uvm_test_top.env.s_agent.mon [slave_monitor] READ Transaction Captured
----------------------------------------------------------------------------------------
Name                           Type             Size  Value                             
----------------------------------------------------------------------------------------
req                            axi_transaction  -     @6607                             
  begin_time                   time             64    28285000                          
  depth                        int              32    'd2                               
  parent sequence (name)       string           4     wseq                              
  parent sequence (full name)  string           34    uvm_test_top.env.m_agent.seqr.wseq
  sequencer                    string           29    uvm_test_top.env.m_agent.seqr     
----------------------------------------------------------------------------------------
UVM_INFO slave_driver.sv(128) @ 28305000: uvm_test_top.env.s_agent.drv [slave_driver] SLAVE AW captured: AWLEN=1 AWADDR=0000020b
UVM_INFO axi_scoreboard.sv(73) @ 28385000: uvm_test_top.env.sb [axi_scoreboard] WRITE stored @0x0000020b
UVM_INFO slave_monitor.sv(193) @ 28385000: uvm_test_top.env.s_agent.mon [slave_monitor] WRITE Transaction Captured
----------------------------------------------------------------------------------------
Name                           Type             Size  Value                             
----------------------------------------------------------------------------------------
req                            axi_transaction  -     @6535                             
  begin_time                   time             64    28385000                          
  depth                        int              32    'd2                               
  parent sequence (name)       string           4     rseq                              
  parent sequence (full name)  string           34    uvm_test_top.env.m_agent.seqr.rseq
  sequencer                    string           29    uvm_test_top.env.m_agent.seqr     
----------------------------------------------------------------------------------------
UVM_INFO axi_scoreboard.sv(111) @ 28555000: uvm_test_top.env.sb [axi_scoreboard] READ PASS @0x000003ee
UVM_INFO slave_monitor.sv(296) @ 28555000: uvm_test_top.env.s_agent.mon [slave_monitor] READ Transaction Captured
----------------------------------------------------------------------------------------
Name                           Type             Size  Value                             
----------------------------------------------------------------------------------------
req                            axi_transaction  -     @6639                             
  begin_time                   time             64    28555000                          
  depth                        int              32    'd2                               
  parent sequence (name)       string           4     wseq                              
  parent sequence (full name)  string           34    uvm_test_top.env.m_agent.seqr.wseq
  sequencer                    string           29    uvm_test_top.env.m_agent.seqr     
----------------------------------------------------------------------------------------
UVM_INFO slave_driver.sv(128) @ 28575000: uvm_test_top.env.s_agent.drv [slave_driver] SLAVE AW captured: AWLEN=9 AWADDR=0000031c
UVM_INFO axi_scoreboard.sv(73) @ 28875000: uvm_test_top.env.sb [axi_scoreboard] WRITE stored @0x0000031c
UVM_INFO slave_monitor.sv(193) @ 28875000: uvm_test_top.env.s_agent.mon [slave_monitor] WRITE Transaction Captured
----------------------------------------------------------------------------------------
Name                           Type             Size  Value                             
----------------------------------------------------------------------------------------
req                            axi_transaction  -     @6567                             
  begin_time                   time             64    28875000                          
  depth                        int              32    'd2                               
  parent sequence (name)       string           4     rseq                              
  parent sequence (full name)  string           34    uvm_test_top.env.m_agent.seqr.rseq
  sequencer                    string           29    uvm_test_top.env.m_agent.seqr     
----------------------------------------------------------------------------------------
UVM_INFO axi_scoreboard.sv(111) @ 28935000: uvm_test_top.env.sb [axi_scoreboard] READ PASS @0x000002ff
UVM_INFO slave_monitor.sv(296) @ 28935000: uvm_test_top.env.s_agent.mon [slave_monitor] READ Transaction Captured
----------------------------------------------------------------------------------------
Name                           Type             Size  Value                             
----------------------------------------------------------------------------------------
req                            axi_transaction  -     @6671                             
  begin_time                   time             64    28935000                          
  depth                        int              32    'd2                               
  parent sequence (name)       string           4     wseq                              
  parent sequence (full name)  string           34    uvm_test_top.env.m_agent.seqr.wseq
  sequencer                    string           29    uvm_test_top.env.m_agent.seqr     
----------------------------------------------------------------------------------------
UVM_INFO slave_driver.sv(128) @ 28955000: uvm_test_top.env.s_agent.drv [slave_driver] SLAVE AW captured: AWLEN=0 AWADDR=000002b1
UVM_INFO axi_scoreboard.sv(73) @ 29015000: uvm_test_top.env.sb [axi_scoreboard] WRITE stored @0x000002b1
UVM_INFO slave_monitor.sv(193) @ 29015000: uvm_test_top.env.s_agent.mon [slave_monitor] WRITE Transaction Captured
----------------------------------------------------------------------------------------
Name                           Type             Size  Value                             
----------------------------------------------------------------------------------------
req                            axi_transaction  -     @6599                             
  begin_time                   time             64    29015000                          
  depth                        int              32    'd2                               
  parent sequence (name)       string           4     rseq                              
  parent sequence (full name)  string           34    uvm_test_top.env.m_agent.seqr.rseq
  sequencer                    string           29    uvm_test_top.env.m_agent.seqr     
----------------------------------------------------------------------------------------
UVM_INFO axi_scoreboard.sv(111) @ 29165000: uvm_test_top.env.sb [axi_scoreboard] READ PASS @0x00000094
UVM_INFO slave_monitor.sv(296) @ 29165000: uvm_test_top.env.s_agent.mon [slave_monitor] READ Transaction Captured
----------------------------------------------------------------------------------------
Name                           Type             Size  Value                             
----------------------------------------------------------------------------------------
req                            axi_transaction  -     @6703                             
  begin_time                   time             64    29165000                          
  depth                        int              32    'd2                               
  parent sequence (name)       string           4     wseq                              
  parent sequence (full name)  string           34    uvm_test_top.env.m_agent.seqr.wseq
  sequencer                    string           29    uvm_test_top.env.m_agent.seqr     
----------------------------------------------------------------------------------------
UVM_INFO slave_driver.sv(128) @ 29185000: uvm_test_top.env.s_agent.drv [slave_driver] SLAVE AW captured: AWLEN=11 AWADDR=00000212
UVM_INFO axi_scoreboard.sv(73) @ 29505000: uvm_test_top.env.sb [axi_scoreboard] WRITE stored @0x00000212
UVM_INFO slave_monitor.sv(193) @ 29505000: uvm_test_top.env.s_agent.mon [slave_monitor] WRITE Transaction Captured
----------------------------------------------------------------------------------------
Name                           Type             Size  Value                             
----------------------------------------------------------------------------------------
req                            axi_transaction  -     @6631                             
  begin_time                   time             64    29505000                          
  depth                        int              32    'd2                               
  parent sequence (name)       string           4     rseq                              
  parent sequence (full name)  string           34    uvm_test_top.env.m_agent.seqr.rseq
  sequencer                    string           29    uvm_test_top.env.m_agent.seqr     
----------------------------------------------------------------------------------------
UVM_INFO axi_scoreboard.sv(111) @ 29585000: uvm_test_top.env.sb [axi_scoreboard] READ PASS @0x000001da
UVM_INFO slave_monitor.sv(296) @ 29585000: uvm_test_top.env.s_agent.mon [slave_monitor] READ Transaction Captured
----------------------------------------------------------------------------------------
Name                           Type             Size  Value                             
----------------------------------------------------------------------------------------
req                            axi_transaction  -     @6609                             
  begin_time                   time             64    29585000                          
  depth                        int              32    'd2                               
  parent sequence (name)       string           4     wseq                              
  parent sequence (full name)  string           34    uvm_test_top.env.m_agent.seqr.wseq
  sequencer                    string           29    uvm_test_top.env.m_agent.seqr     
----------------------------------------------------------------------------------------
UVM_INFO slave_driver.sv(128) @ 29605000: uvm_test_top.env.s_agent.drv [slave_driver] SLAVE AW captured: AWLEN=2 AWADDR=000001b9
UVM_INFO axi_scoreboard.sv(73) @ 29685000: uvm_test_top.env.sb [axi_scoreboard] WRITE stored @0x000001b9
UVM_INFO slave_monitor.sv(193) @ 29685000: uvm_test_top.env.s_agent.mon [slave_monitor] WRITE Transaction Captured
----------------------------------------------------------------------------------------
Name                           Type             Size  Value                             
----------------------------------------------------------------------------------------
req                            axi_transaction  -     @6663                             
  begin_time                   time             64    29685000                          
  depth                        int              32    'd2                               
  parent sequence (name)       string           4     rseq                              
  parent sequence (full name)  string           34    uvm_test_top.env.m_agent.seqr.rseq
  sequencer                    string           29    uvm_test_top.env.m_agent.seqr     
----------------------------------------------------------------------------------------
UVM_INFO axi_scoreboard.sv(111) @ 29855000: uvm_test_top.env.sb [axi_scoreboard] READ PASS @0x00000336
UVM_INFO slave_monitor.sv(296) @ 29855000: uvm_test_top.env.s_agent.mon [slave_monitor] READ Transaction Captured
----------------------------------------------------------------------------------------
Name                           Type             Size  Value                             
----------------------------------------------------------------------------------------
req                            axi_transaction  -     @6565                             
  begin_time                   time             64    29855000                          
  depth                        int              32    'd2                               
  parent sequence (name)       string           4     wseq                              
  parent sequence (full name)  string           34    uvm_test_top.env.m_agent.seqr.wseq
  sequencer                    string           29    uvm_test_top.env.m_agent.seqr     
----------------------------------------------------------------------------------------
UVM_INFO slave_driver.sv(128) @ 29875000: uvm_test_top.env.s_agent.drv [slave_driver] SLAVE AW captured: AWLEN=12 AWADDR=000003c2
UVM_INFO axi_scoreboard.sv(73) @ 30175000: uvm_test_top.env.sb [axi_scoreboard] WRITE stored @0x000003c2
UVM_INFO slave_monitor.sv(193) @ 30175000: uvm_test_top.env.s_agent.mon [slave_monitor] WRITE Transaction Captured
----------------------------------------------------------------------------------------
Name                           Type             Size  Value                             
----------------------------------------------------------------------------------------
req                            axi_transaction  -     @6695                             
  begin_time                   time             64    30175000                          
  depth                        int              32    'd2                               
  parent sequence (name)       string           4     rseq                              
  parent sequence (full name)  string           34    uvm_test_top.env.m_agent.seqr.rseq
  sequencer                    string           29    uvm_test_top.env.m_agent.seqr     
----------------------------------------------------------------------------------------
UVM_INFO axi_scoreboard.sv(111) @ 30325000: uvm_test_top.env.sb [axi_scoreboard] READ PASS @0x0000033b
UVM_INFO slave_monitor.sv(296) @ 30325000: uvm_test_top.env.s_agent.mon [slave_monitor] READ Transaction Captured
----------------------------------------------------------------------------------------
Name                           Type             Size  Value                             
----------------------------------------------------------------------------------------
req                            axi_transaction  -     @6529                             
  begin_time                   time             64    30325000                          
  depth                        int              32    'd2                               
  parent sequence (name)       string           4     wseq                              
  parent sequence (full name)  string           34    uvm_test_top.env.m_agent.seqr.wseq
  sequencer                    string           29    uvm_test_top.env.m_agent.seqr     
----------------------------------------------------------------------------------------
UVM_INFO slave_driver.sv(128) @ 30345000: uvm_test_top.env.s_agent.drv [slave_driver] SLAVE AW captured: AWLEN=13 AWADDR=0000014e
UVM_INFO axi_scoreboard.sv(73) @ 30725000: uvm_test_top.env.sb [axi_scoreboard] WRITE stored @0x0000014e
UVM_INFO slave_monitor.sv(193) @ 30725000: uvm_test_top.env.s_agent.mon [slave_monitor] WRITE Transaction Captured
----------------------------------------------------------------------------------------
Name                           Type             Size  Value                             
----------------------------------------------------------------------------------------
req                            axi_transaction  -     @6628                             
  begin_time                   time             64    30725000                          
  depth                        int              32    'd2                               
  parent sequence (name)       string           4     rseq                              
  parent sequence (full name)  string           34    uvm_test_top.env.m_agent.seqr.rseq
  sequencer                    string           29    uvm_test_top.env.m_agent.seqr     
----------------------------------------------------------------------------------------
UVM_INFO axi_scoreboard.sv(111) @ 30845000: uvm_test_top.env.sb [axi_scoreboard] READ PASS @0x00000262
UVM_INFO slave_monitor.sv(296) @ 30845000: uvm_test_top.env.s_agent.mon [slave_monitor] READ Transaction Captured
----------------------------------------------------------------------------------------
Name                           Type             Size  Value                             
----------------------------------------------------------------------------------------
req                            axi_transaction  -     @6495                             
  begin_time                   time             64    30845000                          
  depth                        int              32    'd2                               
  parent sequence (name)       string           4     wseq                              
  parent sequence (full name)  string           34    uvm_test_top.env.m_agent.seqr.wseq
  sequencer                    string           29    uvm_test_top.env.m_agent.seqr     
----------------------------------------------------------------------------------------
UVM_INFO slave_driver.sv(128) @ 30865000: uvm_test_top.env.s_agent.drv [slave_driver] SLAVE AW captured: AWLEN=10 AWADDR=0000011e
UVM_INFO axi_scoreboard.sv(73) @ 31185000: uvm_test_top.env.sb [axi_scoreboard] WRITE stored @0x0000011e
UVM_INFO slave_monitor.sv(193) @ 31185000: uvm_test_top.env.s_agent.mon [slave_monitor] WRITE Transaction Captured
----------------------------------------------------------------------------------------
Name                           Type             Size  Value                             
----------------------------------------------------------------------------------------
req                            axi_transaction  -     @6575                             
  begin_time                   time             64    31185000                          
  depth                        int              32    'd2                               
  parent sequence (name)       string           4     rseq                              
  parent sequence (full name)  string           34    uvm_test_top.env.m_agent.seqr.rseq
  sequencer                    string           29    uvm_test_top.env.m_agent.seqr     
----------------------------------------------------------------------------------------
UVM_INFO axi_scoreboard.sv(111) @ 31275000: uvm_test_top.env.sb [axi_scoreboard] READ PASS @0x000000e4
UVM_INFO slave_monitor.sv(296) @ 31275000: uvm_test_top.env.s_agent.mon [slave_monitor] READ Transaction Captured
----------------------------------------------------------------------------------------
Name                           Type             Size  Value                             
----------------------------------------------------------------------------------------
req                            axi_transaction  -     @6461                             
  begin_time                   time             64    31275000                          
  depth                        int              32    'd2                               
  parent sequence (name)       string           4     wseq                              
  parent sequence (full name)  string           34    uvm_test_top.env.m_agent.seqr.wseq
  sequencer                    string           29    uvm_test_top.env.m_agent.seqr     
----------------------------------------------------------------------------------------
UVM_INFO slave_driver.sv(128) @ 31295000: uvm_test_top.env.s_agent.drv [slave_driver] SLAVE AW captured: AWLEN=9 AWADDR=00000268
UVM_INFO axi_scoreboard.sv(73) @ 31485000: uvm_test_top.env.sb [axi_scoreboard] WRITE stored @0x00000268
UVM_INFO slave_monitor.sv(193) @ 31485000: uvm_test_top.env.s_agent.mon [slave_monitor] WRITE Transaction Captured
----------------------------------------------------------------------------------------
Name                           Type             Size  Value                             
----------------------------------------------------------------------------------------
req                            axi_transaction  -     @6537                             
  begin_time                   time             64    31485000                          
  depth                        int              32    'd2                               
  parent sequence (name)       string           4     rseq                              
  parent sequence (full name)  string           34    uvm_test_top.env.m_agent.seqr.rseq
  sequencer                    string           29    uvm_test_top.env.m_agent.seqr     
----------------------------------------------------------------------------------------
UVM_INFO axi_scoreboard.sv(111) @ 31575000: uvm_test_top.env.sb [axi_scoreboard] READ PASS @0x000001af
UVM_INFO slave_monitor.sv(296) @ 31575000: uvm_test_top.env.s_agent.mon [slave_monitor] READ Transaction Captured
----------------------------------------------------------------------------------------
Name                           Type             Size  Value                             
----------------------------------------------------------------------------------------
req                            axi_transaction  -     @6429                             
  begin_time                   time             64    31575000                          
  depth                        int              32    'd2                               
  parent sequence (name)       string           4     wseq                              
  parent sequence (full name)  string           34    uvm_test_top.env.m_agent.seqr.wseq
  sequencer                    string           29    uvm_test_top.env.m_agent.seqr     
----------------------------------------------------------------------------------------
UVM_INFO slave_driver.sv(128) @ 31595000: uvm_test_top.env.s_agent.drv [slave_driver] SLAVE AW captured: AWLEN=15 AWADDR=000001cb
UVM_INFO axi_scoreboard.sv(73) @ 32035000: uvm_test_top.env.sb [axi_scoreboard] WRITE stored @0x000001cb
UVM_INFO slave_monitor.sv(193) @ 32035000: uvm_test_top.env.s_agent.mon [slave_monitor] WRITE Transaction Captured
----------------------------------------------------------------------------------------
Name                           Type             Size  Value                             
----------------------------------------------------------------------------------------
req                            axi_transaction  -     @6503                             
  begin_time                   time             64    32035000                          
  depth                        int              32    'd2                               
  parent sequence (name)       string           4     rseq                              
  parent sequence (full name)  string           34    uvm_test_top.env.m_agent.seqr.rseq
  sequencer                    string           29    uvm_test_top.env.m_agent.seqr     
----------------------------------------------------------------------------------------
UVM_INFO axi_scoreboard.sv(111) @ 32155000: uvm_test_top.env.sb [axi_scoreboard] READ PASS @0x000001af
UVM_INFO slave_monitor.sv(296) @ 32155000: uvm_test_top.env.s_agent.mon [slave_monitor] READ Transaction Captured
----------------------------------------------------------------------------------------
Name                           Type             Size  Value                             
----------------------------------------------------------------------------------------
req                            axi_transaction  -     @6397                             
  begin_time                   time             64    32155000                          
  depth                        int              32    'd2                               
  parent sequence (name)       string           4     wseq                              
  parent sequence (full name)  string           34    uvm_test_top.env.m_agent.seqr.wseq
  sequencer                    string           29    uvm_test_top.env.m_agent.seqr     
----------------------------------------------------------------------------------------
UVM_INFO slave_driver.sv(128) @ 32175000: uvm_test_top.env.s_agent.drv [slave_driver] SLAVE AW captured: AWLEN=12 AWADDR=000002ab
UVM_INFO axi_scoreboard.sv(73) @ 32505000: uvm_test_top.env.sb [axi_scoreboard] WRITE stored @0x000002ab
UVM_INFO slave_monitor.sv(193) @ 32505000: uvm_test_top.env.s_agent.mon [slave_monitor] WRITE Transaction Captured
----------------------------------------------------------------------------------------
Name                           Type             Size  Value                             
----------------------------------------------------------------------------------------
req                            axi_transaction  -     @6469                             
  begin_time                   time             64    32505000                          
  depth                        int              32    'd2                               
  parent sequence (name)       string           4     rseq                              
  parent sequence (full name)  string           34    uvm_test_top.env.m_agent.seqr.rseq
  sequencer                    string           29    uvm_test_top.env.m_agent.seqr     
----------------------------------------------------------------------------------------
UVM_INFO axi_scoreboard.sv(111) @ 32655000: uvm_test_top.env.sb [axi_scoreboard] READ PASS @0x00000014
UVM_INFO slave_monitor.sv(296) @ 32655000: uvm_test_top.env.s_agent.mon [slave_monitor] READ Transaction Captured
----------------------------------------------------------------------------------------
Name                           Type             Size  Value                             
----------------------------------------------------------------------------------------
req                            axi_transaction  -     @6365                             
  begin_time                   time             64    32655000                          
  depth                        int              32    'd2                               
  parent sequence (name)       string           4     wseq                              
  parent sequence (full name)  string           34    uvm_test_top.env.m_agent.seqr.wseq
  sequencer                    string           29    uvm_test_top.env.m_agent.seqr     
----------------------------------------------------------------------------------------
UVM_INFO slave_driver.sv(128) @ 32675000: uvm_test_top.env.s_agent.drv [slave_driver] SLAVE AW captured: AWLEN=6 AWADDR=00000398
UVM_INFO axi_scoreboard.sv(73) @ 32895000: uvm_test_top.env.sb [axi_scoreboard] WRITE stored @0x00000398
UVM_INFO slave_monitor.sv(193) @ 32895000: uvm_test_top.env.s_agent.mon [slave_monitor] WRITE Transaction Captured
----------------------------------------------------------------------------------------
Name                           Type             Size  Value                             
----------------------------------------------------------------------------------------
req                            axi_transaction  -     @6437                             
  begin_time                   time             64    32895000                          
  depth                        int              32    'd2                               
  parent sequence (name)       string           4     rseq                              
  parent sequence (full name)  string           34    uvm_test_top.env.m_agent.seqr.rseq
  sequencer                    string           29    uvm_test_top.env.m_agent.seqr     
----------------------------------------------------------------------------------------
UVM_INFO axi_scoreboard.sv(111) @ 32945000: uvm_test_top.env.sb [axi_scoreboard] READ PASS @0x00000248
UVM_INFO slave_monitor.sv(296) @ 32945000: uvm_test_top.env.s_agent.mon [slave_monitor] READ Transaction Captured
----------------------------------------------------------------------------------------
Name                           Type             Size  Value                             
----------------------------------------------------------------------------------------
req                            axi_transaction  -     @6333                             
  begin_time                   time             64    32945000                          
  depth                        int              32    'd2                               
  parent sequence (name)       string           4     wseq                              
  parent sequence (full name)  string           34    uvm_test_top.env.m_agent.seqr.wseq
  sequencer                    string           29    uvm_test_top.env.m_agent.seqr     
----------------------------------------------------------------------------------------
UVM_INFO slave_driver.sv(128) @ 32965000: uvm_test_top.env.s_agent.drv [slave_driver] SLAVE AW captured: AWLEN=12 AWADDR=00000210
UVM_INFO axi_scoreboard.sv(73) @ 33255000: uvm_test_top.env.sb [axi_scoreboard] WRITE stored @0x00000210
UVM_INFO slave_monitor.sv(193) @ 33255000: uvm_test_top.env.s_agent.mon [slave_monitor] WRITE Transaction Captured
----------------------------------------------------------------------------------------
Name                           Type             Size  Value                             
----------------------------------------------------------------------------------------
req                            axi_transaction  -     @6405                             
  begin_time                   time             64    33255000                          
  depth                        int              32    'd2                               
  parent sequence (name)       string           4     rseq                              
  parent sequence (full name)  string           34    uvm_test_top.env.m_agent.seqr.rseq
  sequencer                    string           29    uvm_test_top.env.m_agent.seqr     
----------------------------------------------------------------------------------------
UVM_INFO axi_scoreboard.sv(111) @ 33365000: uvm_test_top.env.sb [axi_scoreboard] READ PASS @0x00000330
UVM_INFO slave_monitor.sv(296) @ 33365000: uvm_test_top.env.s_agent.mon [slave_monitor] READ Transaction Captured
----------------------------------------------------------------------------------------
Name                           Type             Size  Value                             
----------------------------------------------------------------------------------------
req                            axi_transaction  -     @6301                             
  begin_time                   time             64    33365000                          
  depth                        int              32    'd2                               
  parent sequence (name)       string           4     wseq                              
  parent sequence (full name)  string           34    uvm_test_top.env.m_agent.seqr.wseq
  sequencer                    string           29    uvm_test_top.env.m_agent.seqr     
----------------------------------------------------------------------------------------
UVM_INFO slave_driver.sv(128) @ 33385000: uvm_test_top.env.s_agent.drv [slave_driver] SLAVE AW captured: AWLEN=4 AWADDR=000000d0
UVM_INFO axi_scoreboard.sv(73) @ 33505000: uvm_test_top.env.sb [axi_scoreboard] WRITE stored @0x000000d0
UVM_INFO slave_monitor.sv(193) @ 33505000: uvm_test_top.env.s_agent.mon [slave_monitor] WRITE Transaction Captured
----------------------------------------------------------------------------------------
Name                           Type             Size  Value                             
----------------------------------------------------------------------------------------
req                            axi_transaction  -     @6373                             
  begin_time                   time             64    33505000                          
  depth                        int              32    'd2                               
  parent sequence (name)       string           4     rseq                              
  parent sequence (full name)  string           34    uvm_test_top.env.m_agent.seqr.rseq
  sequencer                    string           29    uvm_test_top.env.m_agent.seqr     
----------------------------------------------------------------------------------------
UVM_INFO axi_scoreboard.sv(111) @ 33545000: uvm_test_top.env.sb [axi_scoreboard] READ PASS @0x0000017c
UVM_INFO slave_monitor.sv(296) @ 33545000: uvm_test_top.env.s_agent.mon [slave_monitor] READ Transaction Captured
----------------------------------------------------------------------------------------
Name                           Type             Size  Value                             
----------------------------------------------------------------------------------------
req                            axi_transaction  -     @6269                             
  begin_time                   time             64    33545000                          
  depth                        int              32    'd2                               
  parent sequence (name)       string           4     wseq                              
  parent sequence (full name)  string           34    uvm_test_top.env.m_agent.seqr.wseq
  sequencer                    string           29    uvm_test_top.env.m_agent.seqr     
----------------------------------------------------------------------------------------
UVM_INFO slave_driver.sv(128) @ 33565000: uvm_test_top.env.s_agent.drv [slave_driver] SLAVE AW captured: AWLEN=7 AWADDR=000000da
UVM_INFO axi_scoreboard.sv(73) @ 33815000: uvm_test_top.env.sb [axi_scoreboard] WRITE stored @0x000000da
UVM_INFO slave_monitor.sv(193) @ 33815000: uvm_test_top.env.s_agent.mon [slave_monitor] WRITE Transaction Captured
----------------------------------------------------------------------------------------
Name                           Type             Size  Value                             
----------------------------------------------------------------------------------------
req                            axi_transaction  -     @6341                             
  begin_time                   time             64    33815000                          
  depth                        int              32    'd2                               
  parent sequence (name)       string           4     rseq                              
  parent sequence (full name)  string           34    uvm_test_top.env.m_agent.seqr.rseq
  sequencer                    string           29    uvm_test_top.env.m_agent.seqr     
----------------------------------------------------------------------------------------
UVM_INFO axi_scoreboard.sv(111) @ 33915000: uvm_test_top.env.sb [axi_scoreboard] READ PASS @0x000001a0
UVM_INFO slave_monitor.sv(296) @ 33915000: uvm_test_top.env.s_agent.mon [slave_monitor] READ Transaction Captured
----------------------------------------------------------------------------------------
Name                           Type             Size  Value                             
----------------------------------------------------------------------------------------
req                            axi_transaction  -     @6237                             
  begin_time                   time             64    33915000                          
  depth                        int              32    'd2                               
  parent sequence (name)       string           4     wseq                              
  parent sequence (full name)  string           34    uvm_test_top.env.m_agent.seqr.wseq
  sequencer                    string           29    uvm_test_top.env.m_agent.seqr     
----------------------------------------------------------------------------------------
UVM_INFO slave_driver.sv(128) @ 33935000: uvm_test_top.env.s_agent.drv [slave_driver] SLAVE AW captured: AWLEN=9 AWADDR=0000028c
UVM_INFO axi_scoreboard.sv(73) @ 34135000: uvm_test_top.env.sb [axi_scoreboard] WRITE stored @0x0000028c
UVM_INFO slave_monitor.sv(193) @ 34135000: uvm_test_top.env.s_agent.mon [slave_monitor] WRITE Transaction Captured
----------------------------------------------------------------------------------------
Name                           Type             Size  Value                             
----------------------------------------------------------------------------------------
req                            axi_transaction  -     @6309                             
  begin_time                   time             64    34135000                          
  depth                        int              32    'd2                               
  parent sequence (name)       string           4     rseq                              
  parent sequence (full name)  string           34    uvm_test_top.env.m_agent.seqr.rseq
  sequencer                    string           29    uvm_test_top.env.m_agent.seqr     
----------------------------------------------------------------------------------------
UVM_INFO axi_scoreboard.sv(111) @ 34225000: uvm_test_top.env.sb [axi_scoreboard] READ PASS @0x00000028
UVM_INFO slave_monitor.sv(296) @ 34225000: uvm_test_top.env.s_agent.mon [slave_monitor] READ Transaction Captured
----------------------------------------------------------------------------------------
Name                           Type             Size  Value                             
----------------------------------------------------------------------------------------
req                            axi_transaction  -     @6205                             
  begin_time                   time             64    34225000                          
  depth                        int              32    'd2                               
  parent sequence (name)       string           4     wseq                              
  parent sequence (full name)  string           34    uvm_test_top.env.m_agent.seqr.wseq
  sequencer                    string           29    uvm_test_top.env.m_agent.seqr     
----------------------------------------------------------------------------------------
UVM_INFO slave_driver.sv(128) @ 34245000: uvm_test_top.env.s_agent.drv [slave_driver] SLAVE AW captured: AWLEN=5 AWADDR=00000108
UVM_INFO axi_scoreboard.sv(73) @ 34375000: uvm_test_top.env.sb [axi_scoreboard] WRITE stored @0x00000108
UVM_INFO slave_monitor.sv(193) @ 34375000: uvm_test_top.env.s_agent.mon [slave_monitor] WRITE Transaction Captured
----------------------------------------------------------------------------------------
Name                           Type             Size  Value                             
----------------------------------------------------------------------------------------
req                            axi_transaction  -     @6277                             
  begin_time                   time             64    34375000                          
  depth                        int              32    'd2                               
  parent sequence (name)       string           4     rseq                              
  parent sequence (full name)  string           34    uvm_test_top.env.m_agent.seqr.rseq
  sequencer                    string           29    uvm_test_top.env.m_agent.seqr     
----------------------------------------------------------------------------------------
UVM_INFO axi_scoreboard.sv(111) @ 34415000: uvm_test_top.env.sb [axi_scoreboard] READ PASS @0x00000018
UVM_INFO slave_monitor.sv(296) @ 34415000: uvm_test_top.env.s_agent.mon [slave_monitor] READ Transaction Captured
----------------------------------------------------------------------------------------
Name                           Type             Size  Value                             
----------------------------------------------------------------------------------------
req                            axi_transaction  -     @6173                             
  begin_time                   time             64    34415000                          
  depth                        int              32    'd2                               
  parent sequence (name)       string           4     wseq                              
  parent sequence (full name)  string           34    uvm_test_top.env.m_agent.seqr.wseq
  sequencer                    string           29    uvm_test_top.env.m_agent.seqr     
----------------------------------------------------------------------------------------
UVM_INFO slave_driver.sv(128) @ 34435000: uvm_test_top.env.s_agent.drv [slave_driver] SLAVE AW captured: AWLEN=13 AWADDR=00000108
UVM_INFO axi_scoreboard.sv(73) @ 34755000: uvm_test_top.env.sb [axi_scoreboard] WRITE stored @0x00000108
UVM_INFO slave_monitor.sv(193) @ 34755000: uvm_test_top.env.s_agent.mon [slave_monitor] WRITE Transaction Captured
----------------------------------------------------------------------------------------
Name                           Type             Size  Value                             
----------------------------------------------------------------------------------------
req                            axi_transaction  -     @6245                             
  begin_time                   time             64    34755000                          
  depth                        int              32    'd2                               
  parent sequence (name)       string           4     rseq                              
  parent sequence (full name)  string           34    uvm_test_top.env.m_agent.seqr.rseq
  sequencer                    string           29    uvm_test_top.env.m_agent.seqr     
----------------------------------------------------------------------------------------
UVM_INFO axi_scoreboard.sv(111) @ 34915000: uvm_test_top.env.sb [axi_scoreboard] READ PASS @0x000001f6
UVM_INFO slave_monitor.sv(296) @ 34915000: uvm_test_top.env.s_agent.mon [slave_monitor] READ Transaction Captured
----------------------------------------------------------------------------------------
Name                           Type             Size  Value                             
----------------------------------------------------------------------------------------
req                            axi_transaction  -     @6141                             
  begin_time                   time             64    34915000                          
  depth                        int              32    'd2                               
  parent sequence (name)       string           4     wseq                              
  parent sequence (full name)  string           34    uvm_test_top.env.m_agent.seqr.wseq
  sequencer                    string           29    uvm_test_top.env.m_agent.seqr     
----------------------------------------------------------------------------------------
UVM_INFO slave_driver.sv(128) @ 34935000: uvm_test_top.env.s_agent.drv [slave_driver] SLAVE AW captured: AWLEN=15 AWADDR=00000368
UVM_INFO axi_scoreboard.sv(73) @ 35315000: uvm_test_top.env.sb [axi_scoreboard] WRITE stored @0x00000368
UVM_INFO slave_monitor.sv(193) @ 35315000: uvm_test_top.env.s_agent.mon [slave_monitor] WRITE Transaction Captured
----------------------------------------------------------------------------------------
Name                           Type             Size  Value                             
----------------------------------------------------------------------------------------
req                            axi_transaction  -     @6213                             
  begin_time                   time             64    35315000                          
  depth                        int              32    'd2                               
  parent sequence (name)       string           4     rseq                              
  parent sequence (full name)  string           34    uvm_test_top.env.m_agent.seqr.rseq
  sequencer                    string           29    uvm_test_top.env.m_agent.seqr     
----------------------------------------------------------------------------------------
UVM_INFO axi_scoreboard.sv(111) @ 35455000: uvm_test_top.env.sb [axi_scoreboard] READ PASS @0x000001e8
UVM_INFO slave_monitor.sv(296) @ 35455000: uvm_test_top.env.s_agent.mon [slave_monitor] READ Transaction Captured
----------------------------------------------------------------------------------------
Name                           Type             Size  Value                             
----------------------------------------------------------------------------------------
req                            axi_transaction  -     @6109                             
  begin_time                   time             64    35455000                          
  depth                        int              32    'd2                               
  parent sequence (name)       string           4     wseq                              
  parent sequence (full name)  string           34    uvm_test_top.env.m_agent.seqr.wseq
  sequencer                    string           29    uvm_test_top.env.m_agent.seqr     
----------------------------------------------------------------------------------------
UVM_INFO slave_driver.sv(128) @ 35475000: uvm_test_top.env.s_agent.drv [slave_driver] SLAVE AW captured: AWLEN=14 AWADDR=0000026b
UVM_INFO axi_scoreboard.sv(73) @ 35855000: uvm_test_top.env.sb [axi_scoreboard] WRITE stored @0x0000026b
UVM_INFO slave_monitor.sv(193) @ 35855000: uvm_test_top.env.s_agent.mon [slave_monitor] WRITE Transaction Captured
----------------------------------------------------------------------------------------
Name                           Type             Size  Value                             
----------------------------------------------------------------------------------------
req                            axi_transaction  -     @6181                             
  begin_time                   time             64    35855000                          
  depth                        int              32    'd2                               
  parent sequence (name)       string           4     rseq                              
  parent sequence (full name)  string           34    uvm_test_top.env.m_agent.seqr.rseq
  sequencer                    string           29    uvm_test_top.env.m_agent.seqr     
----------------------------------------------------------------------------------------
UVM_INFO axi_scoreboard.sv(111) @ 36015000: uvm_test_top.env.sb [axi_scoreboard] READ PASS @0x000001ec
UVM_INFO slave_monitor.sv(296) @ 36015000: uvm_test_top.env.s_agent.mon [slave_monitor] READ Transaction Captured
----------------------------------------------------------------------------------------
Name                           Type             Size  Value                             
----------------------------------------------------------------------------------------
req                            axi_transaction  -     @6077                             
  begin_time                   time             64    36015000                          
  depth                        int              32    'd2                               
  parent sequence (name)       string           4     wseq                              
  parent sequence (full name)  string           34    uvm_test_top.env.m_agent.seqr.wseq
  sequencer                    string           29    uvm_test_top.env.m_agent.seqr     
----------------------------------------------------------------------------------------
UVM_INFO slave_driver.sv(128) @ 36035000: uvm_test_top.env.s_agent.drv [slave_driver] SLAVE AW captured: AWLEN=3 AWADDR=000003d6
UVM_INFO axi_scoreboard.sv(73) @ 36175000: uvm_test_top.env.sb [axi_scoreboard] WRITE stored @0x000003d6
UVM_INFO slave_monitor.sv(193) @ 36175000: uvm_test_top.env.s_agent.mon [slave_monitor] WRITE Transaction Captured
----------------------------------------------------------------------------------------
Name                           Type             Size  Value                             
----------------------------------------------------------------------------------------
req                            axi_transaction  -     @6149                             
  begin_time                   time             64    36175000                          
  depth                        int              32    'd2                               
  parent sequence (name)       string           4     rseq                              
  parent sequence (full name)  string           34    uvm_test_top.env.m_agent.seqr.rseq
  sequencer                    string           29    uvm_test_top.env.m_agent.seqr     
----------------------------------------------------------------------------------------
UVM_INFO axi_scoreboard.sv(111) @ 36295000: uvm_test_top.env.sb [axi_scoreboard] READ PASS @0x000002c0
UVM_INFO slave_monitor.sv(296) @ 36295000: uvm_test_top.env.s_agent.mon [slave_monitor] READ Transaction Captured
----------------------------------------------------------------------------------------
Name                           Type             Size  Value                             
----------------------------------------------------------------------------------------
req                            axi_transaction  -     @6045                             
  begin_time                   time             64    36295000                          
  depth                        int              32    'd2                               
  parent sequence (name)       string           4     wseq                              
  parent sequence (full name)  string           34    uvm_test_top.env.m_agent.seqr.wseq
  sequencer                    string           29    uvm_test_top.env.m_agent.seqr     
----------------------------------------------------------------------------------------
UVM_INFO slave_driver.sv(128) @ 36315000: uvm_test_top.env.s_agent.drv [slave_driver] SLAVE AW captured: AWLEN=1 AWADDR=00000130
UVM_INFO axi_scoreboard.sv(73) @ 36395000: uvm_test_top.env.sb [axi_scoreboard] WRITE stored @0x00000130
UVM_INFO slave_monitor.sv(193) @ 36395000: uvm_test_top.env.s_agent.mon [slave_monitor] WRITE Transaction Captured
----------------------------------------------------------------------------------------
Name                           Type             Size  Value                             
----------------------------------------------------------------------------------------
req                            axi_transaction  -     @6117                             
  begin_time                   time             64    36395000                          
  depth                        int              32    'd2                               
  parent sequence (name)       string           4     rseq                              
  parent sequence (full name)  string           34    uvm_test_top.env.m_agent.seqr.rseq
  sequencer                    string           29    uvm_test_top.env.m_agent.seqr     
----------------------------------------------------------------------------------------
UVM_INFO axi_scoreboard.sv(111) @ 36425000: uvm_test_top.env.sb [axi_scoreboard] READ PASS @0x0000005c
UVM_INFO slave_monitor.sv(296) @ 36425000: uvm_test_top.env.s_agent.mon [slave_monitor] READ Transaction Captured
UVM_INFO /xcelium25.03/tools/methodology/UVM/CDNS-1.2/sv/src/base/uvm_objection.svh(1271) @ 36425000: reporter [TEST_DONE] 'run' phase is ready to proceed to the 'extract' phase
UVM_INFO master_coverage.sv(113) @ 36425000: uvm_test_top.env.cov [master_coverage] Functional coverage = 91.67%
UVM_INFO axi_scoreboard.sv(138) @ 36425000: uvm_test_top.env.sb [axi_scoreboard] 
-----------------------------------
Total Transactions : 206
Pass               : 206
Fail               : 0
-----------------------------------
UVM_INFO /xcelium25.03/tools/methodology/UVM/CDNS-1.2/sv/src/base/uvm_report_server.svh(851) @ 36425000: reporter [UVM/REPORT/SERVER] 
--- UVM Report Summary ---

** Report counts by severity
UVM_INFO :  522
UVM_WARNING :    0
UVM_ERROR :    0
UVM_FATAL :    0
** Report counts by id
[RNTST]     1
[TEST_DONE]     1
[UVM/RELNOTES]     1
[axi_scoreboard]   207
[master_coverage]     1
[random_interleave_vseq]     1
[slave_driver]   104
[slave_monitor]   206

Simulation complete via $finish(1) at time 36425 NS + 70
/xcelium25.03/tools/methodology/UVM/CDNS-1.2/sv/src/base/uvm_root.svh:543     $finish;
xcelium> exit
xmsim: *N,COVCGN: Coverage configuration file command "set_covergroup -new_instance_reporting" can be specified to improve the scoping and naming of covergroup instances. It may be noted that subsequent merging of a coverage database saved with this command and a coverage database saved without this command is not allowed.
xmsim: *W,CGDEFN: Default name "worklib.uvm_pkg::.axi_cg" will be generated for covergroup instance "axi_cg" as the name of the covergroup instance is not specified explicitly: ./master_coverage.sv, 11.

coverage setup:
  workdir  :  ./cov_work
  dutinst  :  tb_top(tb_top)
  scope    :  scope
  testname :  test

coverage files:
  model(design data) :  ./cov_work/scope/icc_79b896b1_121f7e53.ucm
  data               :  ./cov_work/scope/test/icc_79b896b1_121f7e53.ucd
TOOL:	xrun	25.03-s001: Exiting on Aug 16, 2026 at 22:25:12 EDT  (total: 00:00:11)
